Transformer_ID,District,Load_kW,Temp_C,Voltage,Oil_Level,Age_Years,Failure
1,trichy,64.19089504730559,67.96539142341315,233.60226037077427,65.90585532955424,6,0
2,tenkasi,127.57462520830005,62.23315205876537,235.4132129400828,62.2701021935442,2,0
3,salem,130.01746954128936,77.72351574628719,219.9937062751676,53.72670849724895,13,1
4,tenkasi,79.88139372770065,95.15481079218938,221.44904525590795,54.60667181977223,10,1
5,tenkasi,141.77395900192985,73.06119966882605,217.9397762859188,76.40116382986488,21,1
6,madurai,92.49860456203142,74.2321964470743,221.14029266102224,43.69123468225476,20,1
7,salem,108.66080887839571,61.960350366965734,201.49969890682817,89.89737387575877,11,0
8,salem,107.80965516313663,57.87711369949577,235.44582400793627,59.32310712370163,21,0
9,salem,95.97073775588356,52.863068339926485,250.54193841256068,67.00728111496414,2,0
10,tenkasi,124.32424819479346,47.60832012428187,231.47820739036527,43.26044083718891,8,0
11,trichy,123.80466161656639,49.69478850450754,215.83731140659393,69.7526812351527,24,0
12,salem,47.544040802854575,39.74166053485526,223.57223617100053,63.4335811461888,22,0
13,tenkasi,139.13020728634459,58.86192823972465,225.41123154975003,68.99838802287067,19,1
14,madurai,50.12524035892977,34.729986341604196,219.82415222786625,99.43417796723782,20,0
15,trichy,130.97638613024972,62.86374786215566,238.60182638395156,73.5539609158048,17,0
16,madurai,133.8011541048275,59.45504087936487,238.10260044375335,54.106816317083926,16,1
17,trichy,67.27100709354406,62.20402947580032,218.4454820618234,55.773601789068636,10,0
18,tenkasi,87.67557136136246,52.168026449700115,237.2508104444751,81.90262371827538,5,0
19,coimbatore,66.82885994542193,106.15290555270755,245.26812663577266,95.97386581986848,14,0
20,trichy,93.55236909133794,80.40173850270469,249.0255820522956,75.638360415021,24,0
21,madurai,90.75897147442777,41.33186249872916,258.6521202308596,83.7742548910954,19,0
22,tenkasi,123.3898159680802,63.493021311403474,220.98007350556801,82.1947544667341,4,0
23,trichy,139.30926238358825,50.87990785594015,258.24220426395203,98.38128826715042,20,0
24,coimbatore,141.87051432369867,44.78280409938879,226.45793611491212,31.008196545479343,16,1
25,coimbatore,83.13495920265093,39.898918933140976,224.07534544619486,83.34437878609057,24,0
26,salem,93.72334378766416,66.48325036138881,233.27072374877847,89.67472087807127,15,0
27,salem,49.496854233371494,49.77929647395639,224.17938665906988,43.22552587728853,9,0
28,madurai,75.82389800511433,74.51739036037806,233.99044140646527,52.286636319871675,3,0
29,trichy,128.94554899292373,74.90673321795659,216.79922812262697,52.98434502743693,23,1
30,trichy,148.46748470644695,80.60871577817174,227.61247397936566,55.42419607245233,9,1
31,salem,62.96953384360234,47.214198508888444,242.8558223436168,60.365658981289485,18,0
32,trichy,82.22607222541318,67.13048416038015,229.42938708568843,74.85205626109882,4,0
33,trichy,99.20782729123219,69.48681324963451,231.41595786739882,87.31349302334739,19,0
34,coimbatore,108.4048347645882,52.88732737344053,234.7525860471731,91.62633915537073,24,0
35,salem,75.71189440235062,48.42342063910687,241.7066162931766,53.243538776644364,4,0
36,tenkasi,112.7218313339227,84.14280998663959,213.44775287810566,53.10594002594034,9,1
37,salem,85.78481958787252,63.41243813598081,235.84524051837434,96.31643680032445,1,0
38,tenkasi,99.56643187365162,69.53951626067607,227.31860860758238,82.93487870837289,1,0
39,coimbatore,116.38852744011099,47.66885982258109,231.6663789531184,71.65729683737992,20,0
40,madurai,100.19266809432814,41.71073300216709,240.59950169762377,79.46673351109933,19,0
41,trichy,86.90842328420294,51.458253382618345,218.05813348588157,69.40392436297118,3,0
42,coimbatore,96.71170588222508,58.139679189150044,219.8735555855691,80.4916936609523,10,0
43,trichy,97.34911122383994,44.036699897739766,210.64570040286193,63.27866606988519,12,0
44,madurai,88.89966910353617,59.85232787024425,224.50841058236225,75.37609868878462,18,0
45,madurai,92.23611811998693,34.6724221789725,243.30432344378818,39.78907899261007,14,0
46,coimbatore,147.9594151151415,43.199288662951915,228.7941281152653,56.24431410349138,10,1
47,madurai,116.82758343823716,70.06366872415313,216.59875104345215,56.459776464193126,10,0
48,tenkasi,91.13559045912518,69.05685780416842,225.14321255424954,62.512199335861716,18,0
49,madurai,120.90863213532207,54.121848519197,215.12138296509377,51.46973490440504,24,1
50,trichy,89.9854153073197,44.733535363845704,218.74813898268837,59.329127483538365,1,0
51,trichy,135.19373912759923,44.588946727109835,233.88818910263714,39.711718752037584,15,1
52,trichy,111.08926576594281,54.40097631088029,218.26126673693972,80.974009527898,8,0
53,trichy,96.78093567987314,69.66777737467937,241.126343052033,68.34972962177211,3,0
54,tenkasi,113.43150777430833,73.92368537016486,229.28879709169664,35.89584784447966,18,1
55,salem,52.87371543794502,52.55202396777047,230.85594703944525,53.30340178906654,9,0
56,coimbatore,66.19697593270584,42.697613610228245,227.21627032392107,76.73202855124333,16,0
57,trichy,64.18224980802833,64.017654567995,237.72847838543723,59.13956107228421,21,0
58,madurai,104.2882928429112,47.64697544061226,237.83159887777012,56.06117079723806,15,1
59,trichy,151.97544998455277,52.226210417081965,233.35054351912171,68.50814645983847,5,0
60,madurai,166.93900438577896,79.87914135655556,235.64789105907647,76.87195070356432,13,1
61,madurai,119.14153304322272,72.40673142848652,227.87910330079575,41.27295085921679,22,1
62,trichy,115.0253342483337,62.36961468377177,235.42203006909048,81.00256962435759,20,0
63,tenkasi,45.96826797541783,40.921214983309156,226.62122224526192,53.99413436785247,7,0
64,madurai,83.71978600797935,63.17094851205988,230.022316221624,69.64144063500403,16,0
65,madurai,76.36648744275283,75.93985936181289,227.25356250633703,69.29159718616981,7,0
66,trichy,81.37457205246652,54.36549501351696,225.42781460680803,59.458677635204516,22,0
67,madurai,94.95568544245631,80.26671134980073,223.1088820227821,49.52680507738571,16,1
68,madurai,85.83728266908618,79.3911793427731,234.67690103858885,64.28626903815473,13,1
69,trichy,40.62100568872637,84.9559924821521,243.10605912813463,102.5066061815039,17,0
70,trichy,122.43730768352602,64.57864689797029,241.7110197166956,42.76649939072738,9,0
71,coimbatore,67.8177092278058,68.81087549709018,217.43434664054564,103.84626038209751,12,0
72,tenkasi,107.17740592333449,81.21280932496634,242.89203051406872,64.80557657846936,13,0
73,tenkasi,162.2224800924992,66.71090905603464,226.8184149838207,70.70742834177278,9,1
74,madurai,72.4184622524073,52.48148838314681,236.0073301514559,48.265783772305454,5,0
75,tenkasi,24.091374317610104,53.27185745208208,220.9378466795279,54.57461166645038,7,0
76,madurai,91.41987334359668,63.578324306606085,231.41979913874005,59.94180699923962,1,0
77,coimbatore,133.02878904995714,40.64157867080672,233.13723182896908,49.08610058244176,4,0
78,trichy,158.75042362661782,57.85111626953711,215.15395208080346,65.82164085258256,4,1
79,trichy,63.1135121664275,76.4482067734538,236.0826716634419,61.859682163864576,16,0
80,trichy,114.90097669709564,27.13119223252078,243.45935007838315,107.01562284871467,5,0
81,tenkasi,86.0406862965984,83.01723152691773,228.25352054318373,46.68051628639078,22,1
82,coimbatore,96.82154937087593,76.83561328054739,243.60168130828012,72.05381033497174,4,0
83,tenkasi,179.33030041051103,53.10353076254285,228.10306506547593,74.9569256380365,6,1
84,tenkasi,54.910890148145405,68.15086241807714,238.49584531046617,48.59358902696325,23,0
85,coimbatore,107.6121898448372,60.047215903594896,207.814300340489,83.73654990905678,3,0
86,coimbatore,114.030795152963,78.44985552658025,254.18777779313464,62.03345974236744,8,0
87,coimbatore,132.5735897481804,74.74024714154912,244.95458245242958,20.152206968338653,17,1
88,coimbatore,102.93949460412686,38.99893915225486,227.1537449574632,83.1969922420913,18,0
89,trichy,109.24151618512307,68.80893620196265,210.27910973356182,47.66118231795272,18,0
90,salem,88.25054297734627,56.915582195351284,232.8802836830549,49.044501077218015,12,1
91,salem,108.07380823735322,61.2424885577715,215.56074452926242,83.75804165784797,1,0
92,coimbatore,89.70423173507768,49.07742148545277,234.4485353755749,63.056770351631,23,0
93,salem,118.64715669568153,86.22205603681253,234.1156571916428,88.35544301103,12,0
94,salem,88.91168991869098,75.60092729853864,220.58596830997976,94.20332190730637,11,0
95,coimbatore,111.31301181706559,48.90343254040549,241.20967023614378,57.101430793554044,13,0
96,salem,99.12211558945064,39.98084089634651,238.05574702806175,85.86524991910062,3,0
97,tenkasi,133.78150752316503,54.21491053533228,239.75823337288563,54.89078397214236,8,0
98,madurai,98.45818829234541,66.51753969136959,230.08857703668895,114.66231834264353,3,0
99,madurai,46.80902595379356,63.60308765919334,215.84475933086293,56.1408599093757,17,0
100,coimbatore,137.85764502141976,78.79699237152366,239.77872272211138,90.52174881920008,13,1
101,trichy,72.82803097412143,71.84879583271278,227.29628600864208,86.87580051763152,10,0
102,coimbatore,80.3870098405354,74.5435353862936,216.1021985680733,76.32175644217868,17,0
103,trichy,82.13016117869523,64.90283100915656,243.52039365974326,56.58913677166634,3,0
104,madurai,141.23314279512454,39.16051904683515,250.9940752050251,66.97205016117182,13,1
105,coimbatore,35.929773580639136,57.064522032796475,229.58751871020797,26.92823774110896,22,0
106,tenkasi,194.1324560097998,75.90134609862999,251.59121154603292,74.488400767645,6,1
107,salem,131.68170427198154,59.227156072130306,230.91314728611349,76.9923066205677,14,0
108,trichy,106.69716742387479,67.5463555293562,226.1954409583365,72.66998838122743,10,0
109,salem,98.3531799815114,55.218775271308004,223.69541545814522,10.533876574148849,20,1
110,salem,108.5666222457297,44.55282227187232,246.37082407992742,44.68727109820378,16,0
111,coimbatore,115.63367285138015,58.14983903930835,222.19856118612228,55.03818034302675,18,1
112,salem,119.35646757850171,64.6357116454898,237.35269309974987,75.83317866378093,13,1
113,tenkasi,116.66813398010345,50.16468420807834,224.4083616494079,75.7867781128597,10,0
114,salem,102.68742043765747,56.46433132714997,225.39693237425638,66.59552416057642,6,0
115,coimbatore,94.07984739078022,45.90805137021026,240.30249693969566,82.70491073207913,10,0
116,tenkasi,95.46180149039465,76.78867376346145,226.19963153710646,49.475152493942005,5,0
117,madurai,94.15275158941957,55.58316363617949,225.95204620579707,82.20470011387992,6,0
118,salem,134.01310290601194,81.79133317689275,241.32804697174808,79.49484209679783,7,1
119,coimbatore,117.80670166842586,82.93121775811363,245.97397293221624,77.55109465675821,11,0
120,madurai,11.788340960071594,58.784310529173844,236.44689803284234,66.35919137828688,16,0
121,madurai,119.67702329589284,44.87326901178976,223.4523022437605,106.61487649662524,12,0
122,trichy,105.84208584156325,28.711531833999942,224.8939150070242,79.86391376979758,12,0
123,tenkasi,99.43873730662308,37.919443904598126,230.79915263740037,50.63328273492883,23,0
124,salem,88.34444640733342,39.3924776265201,233.20930061925657,74.96610951471969,20,0
125,coimbatore,133.72338159958042,80.67704441192257,220.12134089860228,85.04966754148437,5,0
126,trichy,128.42579386368573,61.73736880840419,237.23037939579865,58.237828021513806,16,0
127,tenkasi,76.81366996529172,65.84406786137981,230.855133296396,91.78544493862198,6,0
128,trichy,112.21156861373605,26.69368486597311,212.8429168136187,77.64067411432022,9,0
129,tenkasi,70.85029796376142,42.03050356174107,220.7107351753927,23.150433246693055,5,0
130,tenkasi,58.61145505633208,73.3061966466943,224.95871326348336,75.99343954675852,21,0
131,salem,81.19848326230104,64.30161168573879,229.27142311158946,61.87941691174569,23,0
132,tenkasi,125.87180417148276,57.79192081971604,248.89278795503995,80.74359629083472,16,0
133,trichy,128.5937513612826,68.47263537900184,232.38171306139628,88.88429680503629,18,1
134,tenkasi,115.39256260291879,84.53696709203723,221.59228110101375,73.90324094283636,19,1
135,salem,121.75287360543992,56.68436304694424,232.20630804307163,103.30504467889392,12,0
136,salem,115.48534861344875,61.04054703987104,226.47912252546118,66.42586230873009,2,0
137,trichy,80.75555214331143,62.88895378096958,233.24758239533543,82.49635646107751,10,0
138,madurai,112.95767634021821,95.88164452910989,235.80567687035614,86.09885147274694,12,1
139,madurai,124.01228575683047,28.509656033714617,242.0923064722394,68.05308062214534,14,0
140,tenkasi,122.62873989440723,70.24834522183212,229.75713504329974,85.57548615955565,18,0
141,coimbatore,135.66740114423928,58.277966268614044,246.38960527599832,58.106540256756624,19,1
142,tenkasi,121.24911541603191,68.5015758927627,239.08022662536192,61.54863161957563,6,0
143,trichy,110.54344622624748,50.139411690079136,222.9256045518781,43.75022619327375,5,0
144,trichy,132.10450714949283,59.26552453712325,252.09855665748464,74.82818232740094,16,0
145,trichy,99.2043622225282,70.67115869198243,233.26994513270097,76.50503351708689,14,0
146,trichy,73.54376046316847,106.69365301565762,221.64875496027764,93.58526317158459,13,0
147,trichy,95.10799108168709,72.12054284103107,246.52913051230422,85.82280008711767,21,0
148,salem,77.65292065580653,47.27901602954237,250.77777585198444,64.30408886705133,2,0
149,madurai,79.74465175076855,53.643604769659454,229.6697473628044,46.43640625331446,2,0
150,trichy,95.66443987853447,53.19878837424219,224.96349739624404,78.65700805039948,12,0
151,coimbatore,76.22740237000116,33.06535241054978,228.2762504254634,92.21506344829284,1,0
152,coimbatore,90.76115411082878,55.04864712447844,237.147317275177,85.10369947607887,19,0
153,coimbatore,43.19155999138643,70.99243622732618,242.77856655030513,91.68955049714575,16,0
154,coimbatore,106.39881122118815,40.88651821384808,235.70487330863574,65.76220937603514,7,0
155,salem,100.03616426086673,75.72723976575888,231.0172320847177,60.66762063648709,21,0
156,coimbatore,75.48734106795428,67.31662231626507,244.98011770304427,55.26197295536402,7,0
157,trichy,119.77737005297215,48.98650017043443,226.87163526948478,68.88207066772809,16,0
158,tenkasi,128.12710412879676,57.87705543993229,240.30919338366908,68.42818408062361,6,0
159,coimbatore,51.773204068930774,83.9748271146155,227.1193720164872,74.13355257078233,18,0
160,salem,77.11825664301358,71.00321720258799,234.31022958010894,67.41405085928984,1,0
161,salem,76.92572950638106,60.131754823472214,228.8643743520955,67.32744540546457,1,0
162,coimbatore,71.80290696673406,56.434750245585235,229.4414781734719,54.46611894055712,14,0
163,tenkasi,124.88424525795246,61.14913605677489,226.2261348253779,88.83238027102982,6,0
164,coimbatore,94.1852158368159,52.32354663086545,243.44854031180694,71.53036124487423,6,0
165,salem,92.06455476068167,28.42875741421478,222.67073961891464,66.51112131429436,4,0
166,madurai,39.884129067797396,90.63266865802096,222.59767747451292,55.051414935015906,12,0
167,trichy,119.0625409062768,62.32987498799102,251.2099356584511,43.36173779217828,18,1
168,salem,62.82224815439582,65.97220897683806,239.7784756465433,96.15928385098687,10,0
169,coimbatore,101.79797890798984,59.13138375184637,206.14886301306964,81.09277416263615,3,0
170,trichy,108.32130813874575,48.97324798913118,224.34741260789596,37.52164314860066,3,0
171,coimbatore,140.81975787515952,57.21113278576844,211.88010662437947,85.26284601419314,8,0
172,coimbatore,60.73538802642664,36.00907856708533,220.49309306584746,88.44962340466219,22,0
173,madurai,9.414635325375244,94.15629747079956,198.6148533376596,72.48752244601859,23,0
174,trichy,105.51548634261084,41.48232002366406,228.63010422306058,101.96221791503518,1,0
175,trichy,154.0153354453256,44.52050574229231,218.58058180838688,74.33439284245766,18,1
176,madurai,137.16839058818312,53.396111934203994,230.59905256796438,41.6635294410162,15,1
177,salem,106.28978245823878,79.32113587278566,213.74878741117476,77.30338002096642,21,1
178,coimbatore,85.25091443103858,60.217634988939814,230.8291185317204,74.89794603425459,20,0
179,tenkasi,124.21367789911932,41.45796305954306,225.85083721879673,57.9340630244369,17,0
180,coimbatore,70.79361400886594,78.81507541136008,245.01952965188596,81.4711767375485,11,0
181,coimbatore,114.29073308068658,70.96500940178223,244.11356861745625,36.64669467618276,13,1
182,salem,115.1641047749988,68.07652435824679,237.85345603010282,89.81133654885579,20,0
183,coimbatore,131.80629722496639,70.7360136175626,226.73386219338786,52.437565927890944,10,1
184,madurai,182.7898011673323,95.91542850873677,249.85380395260293,50.30107749765935,13,1
185,madurai,111.77247901536302,92.77642342554168,214.4696472216018,67.72350455385046,17,1
186,trichy,84.73109122877504,49.69926985495057,215.96441370436338,78.65945856087271,21,0
187,tenkasi,99.23277063424017,84.35827489216729,229.16216900110936,73.27848127186859,1,0
188,coimbatore,46.92772285332645,65.7475228463835,252.5403810892112,55.146816684552434,20,0
189,coimbatore,79.15860606732825,67.48643724206624,227.97661093129912,59.87821417616223,16,0
190,salem,87.72152685660689,34.61593752535007,228.16754756790718,47.33915305245076,16,0
191,madurai,84.27734806196223,57.44421351917706,215.5808964388819,65.5064019674026,21,0
192,tenkasi,104.57064616101167,47.807646144951526,239.45929585270378,91.50042429021819,3,0
193,trichy,75.32740202853398,72.42088222339964,239.53176254329355,69.91474124712248,2,0
194,madurai,133.63092001973413,76.06620750604208,237.8907520139991,87.18828509518906,6,0
195,trichy,100.0062119475459,28.88270473475533,223.70779327152638,99.10802675452383,11,0
196,salem,99.72099036584157,59.66947703993594,222.93293231626996,58.23962961926066,3,0
197,salem,90.16315850461247,76.82792257191377,217.0687774959503,66.26853493889271,1,0
198,coimbatore,104.65572051576937,57.19981556529832,230.83872501760933,113.4238572212499,11,0
199,tenkasi,124.75294794002905,70.93595467503546,219.195926707215,98.8868682395989,13,0
200,trichy,73.986093528673,65.26748201440626,218.2258349475071,36.55190948375295,5,0
201,madurai,80.2565053277423,65.1249034792894,225.76309283089324,77.74296632121813,18,0
202,salem,90.88821913670006,55.93027532897554,225.10843824815782,70.01119984679391,15,0
203,coimbatore,59.62387229580355,41.751287937964356,224.62021471178045,86.52906221717525,18,0
204,coimbatore,75.42226420835507,43.17704778862459,234.66444596840262,55.10042465029889,15,0
205,trichy,85.71337379366022,70.64028771682976,230.7904780215028,53.207832559186556,20,1
206,salem,126.23167542138182,60.291873832783246,227.11843969488882,56.47858569412781,20,1
207,tenkasi,107.87683987005775,57.922316330891626,231.83012928311481,58.561429076031345,20,0
208,salem,105.80769734102633,53.64164936516471,220.08472958895368,86.30648333618029,7,0
209,trichy,125.52693886503917,55.42216731778872,231.05278623909678,46.375976537022396,17,1
210,trichy,95.8788463480181,75.7036769173221,231.50602492844635,57.54772200081362,8,0
211,salem,111.71394549786669,54.971338771979596,214.9695314064252,34.219752189971175,13,0
212,trichy,96.90334741202511,39.88402930047647,239.95693754370362,90.14235646824746,16,0
213,salem,107.96087048198885,71.1547766331026,221.18566294773004,95.4206019886228,10,0
214,madurai,82.51724027165254,56.926850042029244,230.90309799206435,63.458531382724274,14,0
215,salem,26.835485251707127,60.47093798299165,241.6441174053527,64.04101270373555,6,0
216,salem,95.97162513441087,84.11367459599265,239.2567675771387,79.06443804565795,20,1
217,trichy,142.6824440829982,59.69159163974239,230.34333388568837,99.48964014756511,22,0
218,trichy,127.78646206724777,64.33775509678088,226.3750099711793,78.17221495127835,7,0
219,coimbatore,128.96192453773511,42.31614763052512,239.47511908575567,56.04916115049771,6,0
220,coimbatore,137.08392165418653,56.7049582147356,236.7469497780862,37.62354856027119,17,1
221,madurai,102.65972772884312,69.14289067812902,223.8163497995587,47.69747474673025,21,1
222,coimbatore,105.91947122216787,36.669393992381366,222.05106352998308,71.4643890062493,24,0
223,salem,81.4704431369695,63.01267639673564,209.27644818304003,56.89344953598411,8,0
224,trichy,90.5178143191885,61.5118660896721,231.54031841683587,73.89935411981517,12,0
225,coimbatore,118.47313449313424,60.619311833811594,229.173022549816,58.941519675275316,4,0
226,coimbatore,136.1165331150645,75.55738347987365,241.36191374642542,48.83707137411177,10,1
227,madurai,95.81661172957001,65.01657772272782,233.59055093480367,46.45936737093858,6,0
228,madurai,86.49432205445765,82.17107847534666,243.3422919417269,101.2470901874646,7,0
229,salem,100.01583876569792,45.096157266089456,223.0263577208383,87.77975498367286,21,0
230,trichy,118.03620246787344,62.03886850827522,241.3815033096762,104.61035903655917,8,0
231,madurai,56.684355515993744,61.26700179584921,224.71083620895345,80.79901801510206,3,0
232,coimbatore,31.114571405882856,43.9611825936738,237.77596061792272,61.40017182770322,8,0
233,trichy,83.4838945152525,74.34442503137019,215.41241607469306,96.46681844979875,15,0
234,trichy,63.37862722257524,94.87009958779227,232.3513529936619,69.33863997276464,21,0
235,coimbatore,84.75579407058068,59.744908882742536,210.1531205855409,74.41683540580705,1,0
236,madurai,95.56659043547586,67.57531632410651,227.32862514058246,69.14351241848962,13,0
237,coimbatore,86.4025477293096,61.267777137229906,234.40353993877915,11.061915614319709,22,1
238,trichy,143.57402603412237,49.29622995139236,224.79031448768905,102.09470024589706,18,0
239,tenkasi,109.8023429380696,32.68859583296975,219.49562371244033,79.82007891915507,15,0
240,tenkasi,109.01423078832485,49.41339775356953,238.46118469295934,76.5964612173702,7,0
241,salem,118.66621432130205,39.120624285724034,228.96537210153076,68.76447875458878,15,0
242,coimbatore,65.83500646657693,85.56153117088677,225.10429352969328,73.26855640772261,3,0
243,coimbatore,131.17335362260806,58.27335459115141,230.41895921154276,58.054421283075044,14,1
244,salem,97.72707140393621,54.81121006429244,256.3666914194559,82.33158704614542,20,0
245,salem,120.11441851723637,73.33730737181709,241.53502849781543,43.85803311201735,4,0
246,salem,67.84428300879534,43.17373345716168,241.6257366818784,73.72136864941093,4,0
247,trichy,53.38723701951807,48.49703942993172,234.35546318992363,81.2314694114221,3,0
248,coimbatore,124.53668974075086,61.02108403872931,231.66485272577148,66.02661732354194,5,0
249,trichy,111.2922857829255,75.43153487135221,206.03917711669584,77.41735584942049,11,0
250,salem,72.9384533692747,67.52527567753182,223.21019653536868,50.173312155314996,8,0
251,coimbatore,73.91010756175916,63.72487713773823,225.19425586797524,50.68346458208072,2,0
252,trichy,133.76304353244308,61.17176602854025,211.25107935952468,74.73434242052787,16,1
253,trichy,64.31764321398016,66.00353783290163,218.42584209784567,83.57099309242103,10,0
254,salem,149.2801885976789,63.02479357693882,210.19163529077366,32.50268688996578,18,1
255,coimbatore,72.98137796056395,44.550415878345966,229.61676164302628,80.44041270221533,7,0
256,salem,119.15175776825149,60.69118832449727,238.18765970848816,59.13596999247326,5,0
257,coimbatore,90.14144572753047,43.89467011623371,241.0677451862433,66.14387825385175,7,0
258,tenkasi,118.09562293247029,61.216238143512356,234.1478446207924,43.20964152869926,21,1
259,madurai,83.67657993657423,52.79028087767638,220.3660365880143,52.96765519626584,6,0
260,madurai,95.11621281783117,98.09072434174291,210.67934841480042,89.32250651060622,24,0
261,madurai,101.22757526187164,59.40158424372432,212.43131300598498,70.65726747960426,1,0
262,salem,69.93437632655582,38.93640650607617,217.310174227455,62.34443196580883,11,0
263,tenkasi,122.22473036260378,57.98729683984613,221.11140301964326,67.6702329473793,13,1
264,coimbatore,84.60359300585245,67.79038118456832,228.40251502008414,79.78423649328602,12,0
265,trichy,93.14200253979945,85.10045919228786,219.85835781873033,78.80988992326675,1,0
266,coimbatore,70.16951876174463,51.15821400091922,233.38975893668263,68.49945999206398,21,0
267,trichy,23.129990236140685,36.2635803896454,227.67726497200528,91.85918221793337,15,0
268,coimbatore,94.26916712199493,72.25255517146472,230.10545711741025,89.40925273813332,1,0
269,tenkasi,172.37846264838748,39.29101941150523,241.40250552671205,78.26744058260792,3,1
270,trichy,123.53812863694071,53.457668377387726,218.1976826579963,71.0922356582014,15,0
271,salem,99.42218860796817,56.13569271733509,234.1870457829237,83.14642190239078,9,0
272,coimbatore,92.11327512375198,58.955498200498376,229.86026771523927,76.28534843602367,14,0
273,coimbatore,100.67397678436139,70.33746685611503,226.66513719030306,91.21600143611894,23,0
274,trichy,116.4135734552563,49.74548576570419,238.8525632086596,87.99122753476615,22,0
275,salem,64.57561554073465,55.89406121749859,238.79014154557007,49.634921971645426,24,0
276,salem,133.42965084006616,59.78594470575917,220.53509204011573,48.28073658516587,8,0
277,tenkasi,121.46143946323733,62.24396936278182,228.17839416142075,55.975009111918475,22,0
278,salem,121.54557177123803,61.46740762061884,232.81211682584066,89.52277380133842,4,0
279,salem,113.15427216429183,66.5400866283387,227.26993251977416,38.47382006457509,20,1
280,salem,100.58849973081969,72.65759264462606,235.85021332287798,77.89514778215987,20,0
281,madurai,120.1858370790046,65.88951173476453,232.81192017910274,77.25086182185923,6,0
282,tenkasi,117.75442401224134,66.80378285263828,248.32561240356011,93.25296117372386,1,0
283,coimbatore,89.37877867176928,36.266652498802834,214.69720864070212,73.60677381327775,18,0
284,trichy,82.79194681309298,60.753415487485206,228.775640102526,43.135812188321985,6,0
285,coimbatore,103.05568885785961,67.19261322002413,220.9149748848781,50.81290078703754,14,1
286,tenkasi,146.47060454485563,70.93411791855675,236.04107455439043,46.360089562043505,11,1
287,trichy,62.826787730382975,49.61473838649309,213.82828109954454,59.24112067333719,17,0
288,tenkasi,55.9742420274268,50.11441087667033,233.46312710224888,66.34196865152146,9,0
289,salem,104.9428252370955,51.38848987074603,223.69951568651658,46.69116947557886,22,0
290,trichy,101.52663105568054,68.04620849837015,222.65838133878987,99.41323981304578,7,0
291,salem,105.20024993111224,75.50821582386313,215.53501796459312,43.49437256095118,14,1
292,coimbatore,107.31859593725501,53.88809839062598,225.34924053798994,96.92206847724961,17,0
293,coimbatore,93.30393236095584,73.61943470440573,240.84500530290927,93.70326062878681,8,0
294,trichy,144.69590315806246,61.85219713746891,229.74811316470522,87.9660509937807,16,0
295,trichy,51.972880645704535,58.135713342563456,236.27680417874475,56.124667850064995,12,0
296,tenkasi,75.14508925659263,56.829236552730464,246.64641821966273,76.84901758353803,12,0
297,tenkasi,96.90235719552858,71.19917046903235,232.63755584822576,44.452577328987644,5,0
298,salem,50.704335665374984,64.88366725180605,224.4120042793766,88.21814070067498,5,0
299,trichy,94.72436786703787,94.13738141471455,234.6725221518279,68.52030436927463,14,0
300,coimbatore,149.84410497184055,47.21663035504014,224.55703853685708,61.81359570826629,6,0
301,tenkasi,100.62659464887885,67.77152553044964,224.9557731670283,45.525103066874614,7,1
302,tenkasi,106.92102717156051,52.06198485282731,214.80107200381016,20.449877627419667,23,0
303,coimbatore,62.19505704482259,46.960695195170345,239.2625749108439,49.22918285928488,21,0
304,tenkasi,81.50915775881568,59.83699294447542,226.1399742435056,92.25596391225812,17,0
305,salem,88.74410859028188,62.06028719110554,231.82098245815862,61.94333143050392,9,0
306,trichy,90.46854709731298,103.77260332590139,219.6403807139336,66.61342285769905,22,1
307,coimbatore,138.44931385011307,57.23781276475197,234.3594762971547,83.11108716576905,13,0
308,trichy,116.73073182175374,43.04731905772975,222.38058761864917,106.1133775623253,9,0
309,tenkasi,66.65626129188904,64.09516076241579,228.58291278298177,96.50009309891277,16,0
310,tenkasi,107.39514335296015,28.880399436804474,238.77826031239127,50.553299923676235,4,0
311,coimbatore,114.94665245490356,58.620648260936015,237.9075931223253,31.14858857125187,2,0
312,salem,134.204471155638,60.24037923442741,229.7796992748306,117.19228518200208,13,0
313,madurai,147.41622059705122,71.91900574417818,212.3186896729328,115.37983223318906,13,1
314,coimbatore,69.54717424516394,74.6043337414177,259.9281057006064,73.76907192858566,19,0
315,madurai,75.67427466368986,52.446455716384236,247.45858970273136,44.59023508836357,12,0
316,madurai,62.27266423256151,57.740789780551005,237.22674824888298,89.26453067787878,4,0
317,salem,92.97940422679056,48.508187540839934,222.46796218409028,67.8403262797478,10,0
318,madurai,113.99075123339003,43.079061677884596,228.86407838298035,67.74037753786779,16,0
319,madurai,129.62003549767306,64.64842169070951,224.56579570223482,87.88917686210257,24,1
320,salem,97.72146929072431,40.896216771051016,242.63855939096388,76.68749493746597,19,0
321,madurai,90.40457430235469,53.78059649142205,232.62502890851835,46.2837017797011,8,0
322,madurai,104.55273976746221,45.07239060151144,222.15836141640168,63.50516129836052,6,0
323,madurai,74.94571295109931,68.2452477943539,225.2924490087522,83.22305857322694,4,0
324,coimbatore,162.6861616508432,87.02145148899731,241.21188142569903,80.20504444810037,7,1
325,coimbatore,51.77016918645824,40.476180257950034,246.00097846820478,75.24033148716951,14,0
326,coimbatore,105.54221736687174,32.20472275653646,245.28331563486245,88.66845908951728,13,0
327,salem,160.70818657688918,58.12669671974899,237.57032065053977,62.76566024365471,21,1
328,tenkasi,100.20399533679993,60.235466939366376,227.47375131197364,73.57339550438144,5,0
329,madurai,94.29882894995517,63.279889601359464,197.58486174670878,2.4884179964479927,9,1
330,madurai,89.27663731568718,53.30519227148483,232.9716002380822,61.00699612314372,3,0
331,salem,94.58824954712776,56.99041051761852,229.981712411559,85.27805817151288,10,0
332,madurai,141.1854542402959,65.51265615810904,231.39982096321353,62.19211065765715,15,1
333,coimbatore,33.644142660114795,75.60646338967258,230.53897347033205,60.67545216565776,20,0
334,tenkasi,146.00301103888978,30.674268445225756,216.73737838050843,49.17094096450363,21,0
335,trichy,57.28128542649565,54.465908414528066,235.57408556851186,90.06731785458291,17,0
336,madurai,92.00043012296756,63.20713190911595,236.3221631403185,80.96926547081141,23,0
337,coimbatore,87.12266739104015,46.23035843083896,236.8233878205966,86.5082919564617,24,0
338,trichy,117.65659809312159,85.96754447650949,239.46577003573387,35.47572076084221,6,1
339,tenkasi,52.05626944348757,50.46885179656894,236.04051644921623,66.79099913468733,3,0
340,trichy,113.86517998245829,59.38060969489076,225.89970588461088,64.39777984499987,18,0
341,coimbatore,160.72928869860556,68.34033145263436,229.2916315208391,64.38856586802895,5,1
342,trichy,59.104779862215686,51.13072816797158,230.91124867253376,57.679449125640886,13,0
343,salem,105.69118502831186,32.301404282933746,231.0769944910662,63.07791456439969,1,0
344,trichy,80.14053466610173,53.570182096252,239.9821765597173,86.99289565413304,17,0
345,madurai,112.77661618579107,75.44160833890561,236.4366875302249,31.74297293304341,3,1
346,madurai,100.57443332247256,54.94657309822292,250.77343439569952,105.54589536060908,19,0
347,salem,80.75539272867071,47.30348547811532,252.06468979884673,79.67682250052923,21,0
348,coimbatore,114.63616854613223,73.88508314254082,230.79649582613925,69.15336208679574,20,1
349,madurai,154.1304432936023,55.03837655965421,191.6334445154063,88.13668292745852,22,1
350,tenkasi,94.27288624818104,52.34758779524674,242.36832466127265,40.9633050966313,12,0
351,madurai,121.59273826444546,62.24184134494964,224.59623661012947,56.70598189697972,8,1
352,madurai,61.20181126386509,71.5612531442818,221.98516078168993,67.57849135218892,8,0
353,coimbatore,71.30690869545974,95.72570297598818,226.01554725010632,97.31120740864355,15,0
354,trichy,114.17218833641132,72.40854161486135,225.53356953185394,69.07006837746884,11,0
355,madurai,144.52348085607895,77.39759949582516,236.1226981010539,79.00109342370293,20,1
356,salem,110.6684004635698,52.41050701518217,214.40564220873773,58.208420081277445,1,0
357,trichy,90.60825908430537,44.61197841045785,219.222792542084,79.73684137934981,16,0
358,tenkasi,99.97874216270063,60.934970244286845,233.43158554197416,103.54479185948914,14,0
359,coimbatore,62.48776798090847,61.607548728893946,236.22944030413308,89.91053383348228,7,0
360,tenkasi,118.135459790661,43.82230887953104,236.41541644936012,68.37088024444242,6,0
361,trichy,126.46999186970227,57.370582051439804,222.129637210667,83.5098169453094,21,0
362,trichy,86.43729001500759,65.98976402578697,220.2173435073376,81.55033909214424,4,0
363,trichy,85.89873556721496,65.4059009252712,224.9336516621208,80.13175343394552,22,0
364,tenkasi,107.97634688956146,67.56431780076409,232.39872752284725,92.23906721720817,8,0
365,trichy,86.89840791878214,64.36447095206165,244.8547736927255,92.08955407674932,22,0
366,tenkasi,98.01602156122533,52.394870110949164,209.5256281422925,67.45682806250231,19,0
367,trichy,162.99165367499546,52.29149060026735,227.79271243041634,82.83758122955538,3,1
368,salem,92.5892289776201,42.01572903009186,216.67321558974797,62.33810157680412,4,0
369,trichy,89.24979543936334,86.77162558777643,213.4775732264651,51.53855207368845,13,0
370,tenkasi,80.57374583094523,60.201755469289395,239.66956645344817,64.61012488592027,21,0
371,madurai,122.3257591449981,56.627204163077224,235.44624574499338,68.47443696520834,2,0
372,trichy,94.5632748034569,46.06811877821312,234.49433515947263,36.76838021644016,11,0
373,madurai,80.51880885035722,104.03486853491668,239.21025839730993,87.2066511883344,16,0
374,salem,139.63912096819035,43.90007951665657,225.20281103233864,14.653491547952044,10,1
375,coimbatore,142.58809013540912,53.5672811159089,225.67362483666471,124.29633878972643,15,0
376,salem,81.98729302783885,66.2375525442909,251.85730616722574,100.03758267592637,10,0
377,trichy,44.00380145918151,69.00319448616416,227.53428945740427,64.77982551655373,2,0
378,madurai,130.22541069510766,74.36898082823527,237.35132113054092,70.18852721127547,6,0
379,madurai,79.46110522719988,87.11412761653895,230.06381540963315,76.05943747174567,14,1
380,tenkasi,123.71876797488306,67.59236483191069,211.51741469921586,58.21679224022116,2,0
381,madurai,40.89688546864493,44.159538000499985,209.55370996198732,73.85238295173873,10,0
382,tenkasi,126.77792014897928,56.14582312317328,224.21015780060094,67.12000044596678,17,1
383,coimbatore,63.66484212157656,64.61748558770827,240.5610125166999,68.11454565538068,8,0
384,trichy,121.92292357199574,91.02339062258736,237.88291656636002,73.62922126961277,16,1
385,tenkasi,100.42819203509302,39.03291782363554,239.14077164224034,43.729444032920114,14,0
386,coimbatore,71.38181741810065,78.03864757837842,220.12953821063684,70.79139448267296,10,0
387,madurai,87.78891061219659,62.69871554319625,246.15872490122314,73.26895493234954,13,0
388,madurai,120.58955370870103,72.56745802844222,220.35106699813616,72.57699242711828,1,0
389,coimbatore,103.17683359345703,58.47007925046102,232.1282439866997,65.68338489127692,10,0
390,madurai,117.53238941417453,47.363510548105104,229.89647710092262,92.75715551938744,22,0
391,coimbatore,159.29321753546458,71.26309169101998,228.26126179685414,62.92694890236898,12,1
392,tenkasi,53.07275164866846,69.81646540658431,243.38592138295607,74.5465181364638,17,0
393,tenkasi,148.51637724905873,74.58085448609583,222.9488947983404,95.94595067851091,24,1
394,coimbatore,103.13067812569639,59.80043046932047,216.50394744288073,68.41247719959375,14,0
395,tenkasi,73.03647855030616,51.00266965020226,230.1999548620642,74.28926534935103,5,0
396,tenkasi,60.0905912278303,36.61819507464237,226.00173265713474,68.07230727370205,19,0
397,tenkasi,94.32638827668899,72.2905990220911,263.77382919082646,94.74739587127198,5,0
398,salem,127.64950335773378,66.3583422366598,236.76507476439974,64.8455087682741,15,1
399,trichy,96.17352638867398,45.51326050704061,225.90659424781376,95.66709154576411,13,0
400,madurai,145.33464790742042,51.92139490055064,219.43888430812913,67.92824210705871,17,1
401,salem,56.464729298453236,52.99861782072839,211.19711589431216,52.81080553103966,1,0
402,tenkasi,99.63733156461836,37.75523352026373,219.74780914262567,83.58746341148242,14,0
403,coimbatore,62.42819666760643,47.73476405092299,231.14941771759132,63.90664332488688,4,0
404,tenkasi,110.90895647874903,42.99254464790469,244.2732865159477,82.41001798198326,9,0
405,trichy,126.60662170291901,53.81281482168095,241.2168914238792,15.41191230152532,17,1
406,tenkasi,87.3771461895684,48.919537525056555,232.29094831646378,70.10410523789892,3,0
407,coimbatore,21.87358430118597,35.59492618699877,226.76832334297515,60.80789402485039,13,0
408,trichy,105.96844440389484,90.33885345854222,232.68812356412155,48.73482626937444,12,1
409,tenkasi,113.10215655200528,78.78811096543846,224.81362002515425,58.935179963204014,16,0
410,trichy,112.12884264885093,48.314708677200215,247.18363995763875,58.52593711414697,4,0
411,madurai,137.07346575466462,64.08632094980415,228.1080981872492,69.04028410298838,18,1
412,madurai,67.86838961052854,66.26197634731942,229.13662141753272,42.653470774300885,23,0
413,tenkasi,120.40648316351349,77.86628782160216,207.84177574979333,76.32547560519427,3,0
414,trichy,135.77522537433924,47.72092460009882,228.04565153477236,97.32429570411576,17,1
415,coimbatore,46.64237247980449,76.38160175973638,238.36484137964942,75.61856993895653,1,0
416,tenkasi,109.58955477756932,51.78142043689597,219.32277422961454,86.17977218458017,19,0
417,madurai,84.87460506976986,39.9620639374708,222.49279665507188,91.89124909227591,22,0
418,madurai,97.55431980695062,70.86204838971746,237.92711017733666,94.72979024368354,4,0
419,tenkasi,110.43029450615009,79.36137636183642,215.23342776481945,107.40277385642611,17,1
420,trichy,85.38314307659343,98.81863460296026,240.57801007541917,60.015960034481395,7,0
421,madurai,79.72875762515164,42.004121023646796,224.67856109826897,55.63032029677767,2,0
422,trichy,101.02457252464073,70.48379527621184,226.11431779508797,85.66931296649469,12,0
423,madurai,67.38262183411592,53.85298134309701,218.76121594874405,84.165324393148,5,0
424,madurai,67.42524613344443,71.75038065786048,233.78046260427882,85.51350599231378,16,0
425,salem,120.3811984886951,37.942656731531244,254.5987198502938,107.78564908500505,8,0
426,madurai,65.53617894524032,41.05845336452154,237.81497239460631,70.22739817596988,23,0
427,coimbatore,119.98937502727635,48.36187765250274,221.35714738059465,78.5231311929237,8,0
428,tenkasi,113.87773878561853,61.184460685021264,241.35620585491475,50.392234970330506,13,0
429,tenkasi,48.2257981362821,50.38378100192467,226.8332045406575,112.70642247951915,14,0
430,trichy,79.67306042993035,69.88581515870129,243.7448498142756,63.26910157581778,11,0
431,madurai,135.82328209142116,75.40341927386872,238.06676402164362,63.8356814367834,6,1
432,coimbatore,70.56503406580956,68.99366311868033,200.56858434528266,63.06500217983515,16,0
433,trichy,86.06787213071837,84.28181459491302,219.9592036704497,57.10208282711324,23,1
434,salem,113.86182679755689,66.23739944183015,239.4438522283539,55.411259023047016,22,1
435,trichy,123.50171527847786,41.74654934489749,231.5165727214502,59.5259143422095,15,0
436,trichy,92.45383341866513,80.45064770307509,219.7624405229215,42.68408143898111,16,0
437,madurai,82.07469415925075,50.92265646591004,223.66410484506187,54.293641594735234,13,0
438,salem,142.67109585095523,73.65627749528355,210.9376337991062,108.97926222895238,12,1
439,trichy,152.16698991392735,83.60601324832659,229.11626712473603,84.71310287282738,18,1
440,coimbatore,129.36574152345386,66.85032016095599,252.10689726015764,88.51808353455436,18,1
441,coimbatore,102.55954427695072,37.55761780253025,238.04933390732324,93.54417574833829,14,0
442,tenkasi,75.7520283507722,46.22681750235313,251.90417001188422,106.68269128724782,2,0
443,salem,75.08666780330304,79.84116700327704,238.8239708978998,34.57154897112312,22,1
444,salem,115.67542315797273,57.463159715357754,240.27479343352692,45.40233769426919,2,0
445,tenkasi,112.55194662666051,61.193603024132486,249.74078687745023,53.925526782106296,3,0
446,trichy,142.0479577883929,71.38236624245414,233.77263259342226,60.605404070208046,24,1
447,salem,119.51350277608418,70.44484293120485,228.12772678493118,63.98861218829502,8,1
448,coimbatore,54.90759094720546,64.18199718578191,240.32657516622012,61.06044894387918,11,0
449,coimbatore,131.55842853168755,56.86997443169301,244.53840237121884,74.38617826264108,12,0
450,madurai,70.05818118056762,55.30997331401464,225.2003535728779,70.70590781490432,4,0
451,salem,88.48086184142946,72.86848237937015,222.78430917659972,55.54330409643501,9,0
452,trichy,107.50600618755084,68.30354296601689,231.3885603243088,26.4890244602486,24,1
453,tenkasi,159.87002469351893,56.140499990733154,238.31498866931662,50.14262589242604,17,1
454,tenkasi,193.29755668016082,76.23168469489711,237.9809104866156,59.015226933748494,24,1
455,trichy,118.20169177408548,58.06448827305324,215.758323998124,65.05841126384561,16,0
456,madurai,94.50410143838836,47.2250673849841,249.1160606706332,47.40665081378926,17,0
457,tenkasi,116.0351694544165,48.615439516449825,223.5883507060315,60.1838706700716,15,0
458,salem,126.62966277621508,45.31888745535351,227.3493500311142,47.38025223028828,20,1
459,madurai,90.37997123328425,55.91384975094469,220.9734564001218,67.48361296903335,22,0
460,salem,153.85634067736967,78.50586417504289,256.9832883593709,48.5381734327477,7,1
461,coimbatore,106.90212277574206,47.92357228454237,232.42070670287967,53.021906872590705,10,1
462,madurai,114.93229267274182,62.827136415271546,221.49024919318435,43.82631738021722,4,0
463,tenkasi,119.97772756163384,50.149659815588805,238.63923549962445,66.92998608860432,24,1
464,madurai,112.64759831843367,56.09536438092844,237.69135779310034,52.67104460095203,24,1
465,madurai,125.16821501408836,37.34938182022122,228.12272976420115,88.13568533350859,14,0
466,madurai,81.48240440359231,56.691926562651936,238.40606712783384,78.11700533385797,14,0
467,madurai,83.25094738161908,57.09441930292557,221.74708039169136,68.60296263632713,14,0
468,salem,66.99537301084915,68.10431916053543,225.07081725050747,54.05029005312423,14,0
469,coimbatore,113.18503691860678,63.34921369883056,209.89783345433938,77.61040610632605,22,0
470,trichy,123.36809510536342,42.02411812571932,216.7604891578044,83.81401778697274,20,0
471,madurai,113.73318598455657,76.26297366065315,248.07630805670686,72.85376824403261,18,1
472,tenkasi,150.23477300042612,63.15454560332993,246.41428627722314,102.0740371093386,15,1
473,madurai,99.8321194351286,62.9759027576623,230.65788648648962,79.19274636149632,23,0
474,tenkasi,120.06224966777538,59.86226469922292,246.62931447189837,88.27214435136068,19,0
475,salem,67.24897371582057,52.23363829166671,228.39925513391694,72.67130831071957,13,0
476,tenkasi,88.38700892576797,63.26703509623089,227.5658969743209,83.51328906513953,12,0
477,trichy,120.86613272697332,67.13382653892873,230.56510648465556,54.064375346616494,19,1
478,coimbatore,125.47306332229432,33.79656462981667,228.75078404676435,60.83203273574412,19,0
479,tenkasi,91.18099157007453,51.91858743980856,227.8480367643982,76.98727106964759,20,0
480,tenkasi,97.852022444258,56.17579544394616,241.43398107149554,76.84198963114763,2,0
481,coimbatore,54.46378759957572,63.84255908541417,231.50135653956204,80.15223645886495,21,0
482,trichy,89.28912397580172,77.89966508890689,237.12481764433804,92.00785784557459,3,0
483,madurai,126.71149490559358,48.423887781048265,240.3138052527733,41.50057656369176,10,0
484,tenkasi,117.25615048319699,52.53057229773237,233.88185795654732,50.51094904779408,5,0
485,coimbatore,115.01997164143629,52.31198834030175,220.2972867409176,74.59145282148506,12,0
486,salem,101.49321061542881,47.97708614843188,216.47134111035962,55.512727363930786,7,0
487,coimbatore,100.21189475884529,54.79220257331606,231.48780634807306,137.55536482578725,9,0
488,salem,80.19036581579658,71.56203329981957,228.28743695175066,80.31439238340272,2,0
489,trichy,120.96485260607605,44.19246756953481,230.87391428920122,68.43338302139685,10,1
490,madurai,112.62918833168169,66.41721592729355,229.83945960751413,59.69061453832282,6,0
491,coimbatore,114.76056543978397,34.471466549724965,255.83573660166567,60.39675433613911,12,0
492,tenkasi,84.21895471997259,51.57993005336691,216.69773744358662,70.60281322630355,6,0
493,trichy,35.399712403862665,55.05766049673021,210.10053730178876,72.23963865242516,3,0
494,coimbatore,132.91458135261087,85.12289509371098,233.3237683351961,60.86601710612974,10,1
495,tenkasi,85.63487631974787,55.87796542870968,226.23577445411806,64.53695506960196,9,0
496,coimbatore,74.11672707870639,26.981347898236223,233.16067869729952,96.88569150469192,20,0
497,salem,120.8043673574198,30.016666397081252,235.83883022284002,97.69009925302069,5,0
498,coimbatore,88.23962080242612,60.51044379520022,242.84104695178897,75.04067959869754,3,0
499,coimbatore,131.79809152139865,69.20656283684863,214.9277417961606,43.17480545526524,5,1
500,coimbatore,118.51017848730092,65.6318378644088,224.43282102142837,80.77006313278088,8,0
501,trichy,120.50707969601433,62.51355158701485,234.28761258880763,101.08564883222051,8,0
502,coimbatore,59.02132866398397,77.433893962585,237.70463595687227,97.39562203924757,14,0
503,tenkasi,136.358319561592,51.90613168894303,251.93449550288386,84.68851705619335,24,1
504,salem,107.83751593701568,73.42365834040238,239.55703971113866,98.44845910571644,22,0
505,salem,88.92168582261391,35.519776724603744,229.43211404113723,71.06768544958044,17,0
506,coimbatore,104.30165402026753,46.42578250592901,221.09564247057338,82.5620593966741,11,0
507,trichy,46.7129430130504,32.89437907602276,224.3571014728098,56.38448867349639,16,0
508,trichy,112.25958434442012,55.877320489953114,224.07297177042892,75.84530912311425,6,0
509,tenkasi,69.11885475453785,59.30608174100486,236.5523362851376,96.59068487941049,11,0
510,coimbatore,59.419891424693965,61.7115223833978,232.5699744558583,58.211531770262184,10,0
511,salem,54.329224413463265,60.92825029330703,216.76350429157822,52.771131410714275,23,0
512,trichy,133.38065124969776,46.08670003782408,225.64098530909567,71.94977878047393,9,0
513,coimbatore,81.12209818921633,57.14638733380176,238.77547553451421,65.46675592552,24,0
514,trichy,146.01183129749498,37.53829997091377,233.5166235497406,82.98295442140841,24,0
515,trichy,83.92595610843107,80.44843462698375,235.6864461601277,60.934809481059155,15,0
516,salem,48.7792612722116,55.44560890652998,233.82921710057263,104.36879231205428,7,0
517,madurai,66.50426680154023,52.66670821434463,246.2643073460886,44.20647804077888,18,0
518,tenkasi,137.07434860020817,83.83410492666124,232.3604306382437,95.07469572439469,1,1
519,tenkasi,95.32305466189997,41.366301996761564,226.13977202129303,54.70301543383794,15,0
520,salem,83.55138110528198,43.11619328952047,220.8424495886644,34.08034530831954,2,0
521,trichy,104.80054677558363,43.55669512697152,232.49609458209713,74.75750312697735,22,0
522,coimbatore,115.05348208502635,58.98192927450777,205.59295985224915,64.90784027972234,2,0
523,trichy,133.52196447707382,66.47447444456395,228.15710998167287,47.807812641939385,10,1
524,salem,143.4549768967878,71.09513202176751,227.94160140078657,36.37246216569472,20,1
525,tenkasi,89.20694062632742,98.57992976242454,216.3552914638272,69.83278425457087,15,1
526,trichy,60.21856941753885,26.258513186988544,220.71734161344006,89.51673783247635,10,0
527,tenkasi,87.59604516630172,69.13103383686625,238.0965753014824,81.69906986172889,19,0
528,coimbatore,107.80841519748658,51.64304141141653,232.30711749074962,71.13413297678531,22,0
529,tenkasi,71.08723221368167,51.2037727666684,231.01788333707327,79.5769514643547,13,0
530,tenkasi,71.28547255314871,50.70341807619184,233.06347533932023,69.45571735244286,24,0
531,madurai,110.31363644649656,46.3684549378804,230.92627587948922,41.40551513939258,11,0
532,madurai,98.54042945288647,85.26787251905178,242.42862562858315,41.58212029553113,22,1
533,madurai,100.9839098623476,72.63445990520854,231.23429181703648,65.93662942030642,2,0
534,tenkasi,77.24513995899792,60.347939678360625,215.4178688618125,66.78693427267851,21,0
535,salem,93.08797857382697,80.265236287305,246.3012996487441,87.0196535701353,13,0
536,tenkasi,72.27300567195087,37.31206552051687,233.70340267328845,85.14608447549494,22,0
537,salem,126.7059523337436,40.039423030036104,224.10746269204932,82.10266031517898,22,0
538,salem,131.05748004171258,27.330484017079684,217.46598281704982,64.39434573845638,21,0
539,madurai,44.61436413285718,49.50878189815069,233.95914220958045,42.38695659779721,1,0
540,trichy,72.1146741942277,62.425477900571295,228.82827995025625,78.24142274132048,5,0
541,coimbatore,55.104122347297626,61.54287866898501,245.7414678603241,80.50338626524336,21,0
542,madurai,80.49928196779305,62.240128665898204,226.54092719333173,22.22937075044628,22,0
543,madurai,97.49686090628917,38.83414753400877,221.62619210317533,53.31323626834674,7,0
544,trichy,56.5106434090441,72.04732113921033,238.9579621823593,56.17891245212208,13,0
545,coimbatore,72.3442056062406,63.59441277358497,239.2528189271683,72.36700402246872,13,0
546,tenkasi,69.88127883755504,70.99581422198997,231.68651367610195,53.93279134468612,20,0
547,tenkasi,106.21801988196832,31.60856733614922,236.7635704767491,69.23730862350719,23,0
548,madurai,102.0803301110875,64.67236288196685,229.62312879257763,65.78930119294016,21,0
549,coimbatore,78.3478733998824,42.1835214012371,232.33865101009246,66.81701056924544,6,0
550,madurai,105.30462616418194,54.04015121172957,241.64990882563922,55.672114125985075,20,0
551,salem,83.59959746238204,68.01547347954575,236.25318334021503,57.220298918666444,12,0
552,madurai,91.8503466902184,61.366404093838696,228.30725561667376,48.39465880438615,8,1
553,madurai,150.2035627089561,47.22690030331022,243.5236254592615,77.60134881147664,9,0
554,tenkasi,140.21383155371043,60.094097342766275,206.35144627208487,81.42205257182736,18,1
555,tenkasi,61.01256289217207,37.026970271345355,250.52073311421935,54.587640997493224,11,0
556,tenkasi,124.89197253637523,77.25401093847444,212.94040905109264,100.41280192034088,20,1
557,salem,124.34189663474777,56.92073970755623,223.72907175227704,63.70797105115902,11,0
558,tenkasi,65.55210133742145,76.77824916382988,229.5908246480493,100.60371247593122,24,0
559,coimbatore,124.56332931264582,52.10202469355936,228.5351932927184,57.157456523367934,24,0
560,trichy,146.13795755237658,52.14636017390126,240.06411040026555,29.468444468011292,15,1
561,coimbatore,66.32365581266758,48.5371982004323,219.42163381389764,78.04395649824703,9,0
562,coimbatore,72.47491536957209,73.14260897539613,232.60766817483062,74.97090210237974,3,0
563,tenkasi,130.52984400530508,49.358532640072866,224.21787901780246,70.68787590615166,17,0
564,trichy,108.14485932476944,69.66893148622765,232.95140979337415,57.15535043112021,17,1
565,trichy,116.5442882571857,54.26321403496065,229.35227740202123,69.30855549028362,3,0
566,trichy,110.2176764920149,30.360550501625706,230.9293565268298,59.774810842609455,19,0
567,salem,111.72087762784432,51.44528898320301,224.50075167535655,63.95300867336499,9,0
568,tenkasi,60.20583615066751,42.31337678455728,224.89936049903918,86.8326451153015,17,0
569,trichy,131.41953119864345,60.50854085523506,232.87272514027427,73.68434459060187,23,1
570,salem,135.08769977283322,42.14388396488265,239.43715505756043,82.19902774663954,18,0
571,madurai,93.11827767795917,73.88962651071925,224.01720665802154,65.3626298674842,23,0
572,madurai,98.69569150558412,58.63386209470459,221.3123245542709,63.1596530839045,15,0
573,salem,54.06677492332834,57.336060078618914,236.13460165671836,46.93034938222713,1,0
574,salem,115.42764268053504,69.83838206681374,229.67496106942312,62.59926774863606,10,0
575,tenkasi,117.16172325142432,74.45860401113794,238.30498133985952,3.5777088882172166,8,1
576,tenkasi,98.13426949002067,59.69851872345522,220.94202786628853,58.1955606738873,10,1
577,madurai,133.73060079611508,48.43199550676064,212.20561074576568,68.36251645618322,2,0
578,trichy,89.97768307060178,33.390455758318055,224.66995918173666,81.27347308540313,19,0
579,madurai,116.938177776808,49.7092536444723,222.33647390734984,64.62644244950087,14,0
580,trichy,69.41006983923653,50.741816300280576,229.212115999197,76.95347084489998,8,0
581,trichy,99.29343547377286,61.605861794884454,223.6315478572961,26.404226772195088,19,0
582,tenkasi,94.76937226291493,54.82279678292959,237.41016951336448,68.863262955861,1,0
583,coimbatore,106.75923766122824,70.31899458077142,227.11849737577484,36.409944141731934,16,0
584,coimbatore,88.91419213499924,50.80525093093966,231.504744987739,45.83392968681335,24,0
585,salem,96.05582212984997,59.144382497205875,231.57634558440944,66.25668904272278,15,0
586,tenkasi,124.7814151432452,77.75981164795334,231.94955092412187,95.52527975747108,20,0
587,trichy,86.89707288285348,65.12737820932449,229.75870889545027,77.42413526940118,24,0
588,coimbatore,51.80268697783962,59.09943687467153,235.10600690410314,70.36461994274234,5,0
589,trichy,152.48751712616263,50.97083337097234,222.04344866174193,69.60939221065796,3,0
590,coimbatore,141.44362236071458,50.50152904927535,243.99417926653882,55.72742213591066,17,0
591,coimbatore,61.232119146831444,47.240801205720786,227.63462616631466,59.120331732546326,10,0
592,coimbatore,120.69123415735584,51.884897013256506,216.8845086210132,78.54752090941594,5,0
593,tenkasi,84.91075688345971,71.33498758116471,231.88073356991774,42.29278963111011,11,0
594,madurai,107.90461645993179,56.67167593061597,221.48819517552516,81.86108100566042,6,0
595,trichy,108.8267238704048,39.753403959281535,236.65334534508875,62.22985865762294,4,0
596,tenkasi,92.96776599051034,86.52253939589676,252.09605576042378,86.5111414973913,7,0
597,tenkasi,76.48703003240811,64.79947786717744,222.1342790844215,89.22186914464166,19,0
598,tenkasi,79.28376843051223,38.89584899230246,233.32372333223984,36.5383197498852,7,0
599,tenkasi,72.51424253556273,53.372266091387644,212.44494411295372,58.368384735455635,14,0
600,tenkasi,75.04533375308665,61.66329574242627,234.53905229441347,52.88944624118753,17,0
601,salem,97.98465129851934,85.56888139946065,221.1428620020031,33.74544069853714,23,1
602,trichy,78.52720032667744,43.378313126116964,223.75165381565517,49.34933447581179,17,0
603,tenkasi,120.4615619713786,74.6406107903392,218.98713510160172,118.8251169053068,13,0
604,trichy,144.61738466007782,80.99229640458515,237.32151226054737,82.1901979242488,1,1
605,salem,82.59840275889871,50.57018542388145,240.07304357473262,108.34575937211508,2,0
606,salem,107.18213501606131,55.837295717096495,230.23385214658506,86.58196880036671,18,0
607,trichy,114.99055330908801,44.455361289393444,221.3557329466428,55.163136779830495,4,0
608,coimbatore,114.16006812757823,56.94808288379543,245.8952303610386,62.36457606651914,13,1
609,madurai,102.27865803748263,59.451150384856035,222.49589872245343,81.76872360480614,1,0
610,coimbatore,122.28047255079167,69.89474997123556,208.37967700072562,78.75012406946072,4,0
611,coimbatore,114.46746858041972,76.3527520653067,234.58389009957068,58.45315968583333,2,0
612,coimbatore,62.87012733018106,48.7785590306753,218.95225326358482,39.80013658841586,4,0
613,tenkasi,126.0746819316782,30.490124036610084,239.88608793499174,135.75522374777478,16,0
614,salem,126.61872511800226,59.681328310856365,226.1886230332658,67.17700655314388,4,0
615,coimbatore,77.10141687464255,64.40306294952961,236.03713240544195,63.4852221363476,9,0
616,salem,101.13813506342807,63.741265315275626,244.01500346552157,72.26668927810604,17,0
617,trichy,120.49986978433208,55.09990128736434,217.91141135379277,65.14542821377943,21,1
618,madurai,93.72058541261916,61.87128149495902,224.34062869107595,72.45457815410967,23,0
619,trichy,132.18934143298037,82.73167212528372,229.24328927342935,95.73894572232838,20,0
620,trichy,170.91617483858084,65.72601253443764,245.37551319034344,67.50903040627152,21,1
621,tenkasi,76.42041902095053,54.399473624953735,223.41617282059553,46.745791213444775,2,0
622,madurai,58.568661905386755,52.49703274356006,224.05496304050993,66.76712411042779,3,0
623,trichy,109.11455786814628,57.45221463483404,234.7814057555581,60.711964371801784,23,0
624,trichy,121.64687515378431,84.5510994274596,224.22771274289428,98.47797874493702,15,1
625,madurai,93.07400878465693,57.25048935710704,231.52525882897618,93.42238129475142,7,0
626,madurai,143.59781989963102,59.70308483218938,214.48462579031874,72.15050000861598,4,0
627,trichy,59.84182600830253,52.765296435955456,252.14329942556597,44.42528290361487,12,0
628,madurai,120.78755869094833,76.48475036162947,216.52290769690597,45.482154731201085,1,0
629,trichy,81.8241753772332,89.39755882117012,226.78247296009792,70.30246523169107,17,0
630,trichy,151.5813371862189,66.75919574147082,229.67518964157907,76.72645938642562,4,0
631,tenkasi,159.77546059504354,61.24159355678139,249.12688134356796,62.5075436134789,4,1
632,coimbatore,77.00030236649957,60.551742497613525,216.7515421906726,60.39660831585532,22,0
633,trichy,83.5132859227426,24.235398168213813,249.83704135478752,58.14401533642706,23,0
634,salem,125.78763660939406,71.17726296427226,237.5717682110202,69.53212079512107,9,0
635,coimbatore,88.38608050631456,62.012496239937654,234.17095324423246,22.3447529585387,21,0
636,coimbatore,98.63766346203285,66.42513075991087,220.15366312982044,47.9734674246058,10,1
637,coimbatore,100.7616526162723,49.328067088744426,235.71141242038073,57.458983091052986,19,0
638,tenkasi,42.40980531407031,54.23314681534362,222.765133775802,94.15006389903841,19,0
639,trichy,99.58486761717288,53.834625952452406,242.66661253198413,53.72372716142141,15,0
640,tenkasi,79.30816677807479,75.32434476109559,220.28937970892267,73.60936283662413,22,0
641,trichy,85.20631532800684,54.3186024509536,228.86841505543916,74.53085501861992,17,0
642,tenkasi,143.30896010406443,91.23990483164697,224.44726911986828,95.95833011321524,7,1
643,tenkasi,62.30479317162231,66.46293628522557,220.12477037573007,95.251548139283,3,0
644,salem,124.39615560243932,40.864760100064025,237.41319816907915,68.84994062410168,5,0
645,tenkasi,91.63111209004575,58.071805601220646,235.35458747409635,60.490305176211145,16,0
646,madurai,91.60719494512497,50.22487316765377,242.09010198900998,56.72333794348619,23,0
647,salem,123.71115688155135,27.08426295269964,212.20124891791832,65.17873555068438,7,0
648,tenkasi,110.20153883706672,83.99206410170684,240.64170702341045,61.319332913528,16,1
649,coimbatore,117.11838991658593,70.54713813330005,255.05448905356894,81.07254818716464,9,0
650,madurai,129.04553981598582,67.99810976848968,225.48358910823052,78.40619634970409,1,0
651,madurai,90.06074850450031,62.481054904495565,248.9514861210897,81.83602382290032,3,0
652,madurai,81.6328979647675,39.269736469613434,227.36838727940173,95.18567422872337,8,0
653,salem,67.44548420326606,52.74574290666845,216.27590262438693,107.25738242800354,18,0
654,tenkasi,75.23768410063134,72.6267116217602,226.94367557593205,72.49326786815114,24,0
655,tenkasi,188.47283275926176,44.23169955326246,240.48203967675275,91.98927542791307,24,1
656,coimbatore,137.34038742210362,22.023460256237797,221.6182351766847,62.9667963233157,18,0
657,coimbatore,59.46776901375936,56.59340988328611,223.99661340993512,93.70013967166031,24,0
658,madurai,60.326261297692895,57.873636689586924,235.9353943229319,91.23018314351688,19,0
659,coimbatore,114.45598185155474,62.033451246220636,230.03060116738573,90.16831939885982,7,0
660,salem,116.417943921339,70.92777965271804,235.8462295248674,71.88139682383047,20,1
661,tenkasi,116.46651505952093,69.56408718346813,232.37829540758335,56.632836720182226,6,0
662,madurai,92.35132619338907,63.881547078658826,234.79625319551573,42.10943124269047,11,0
663,coimbatore,96.23637219991299,77.93297082130064,225.6769881419046,69.19925584957801,5,0
664,salem,109.83638572478073,37.21545328780028,232.31730942030393,100.66025084498366,12,0
665,salem,102.57679018879992,67.56872721716086,220.72626994304068,63.80310197271854,1,0
666,coimbatore,33.42098881757394,69.39807545005414,242.88433622503388,85.7025317092011,19,0
667,tenkasi,93.10601108274419,41.40656570879641,223.65725283182687,86.87902801037862,11,0
668,coimbatore,74.4578069721906,37.45694086976416,241.2884748754939,64.32627558145654,15,0
669,madurai,105.25634256725536,48.81086810286598,227.66393039017134,96.32689675039039,16,0
670,coimbatore,189.5577700781023,50.07687836227062,232.01999010757322,11.826785110389928,3,1
671,salem,111.02444996422913,71.30129195253646,225.050354491093,45.544994425236496,11,0
672,coimbatore,90.59410941482807,50.78191824463357,219.84004568831972,51.6873540728308,11,0
673,tenkasi,127.65404505931757,47.15477222578194,212.55239612394698,53.605699542652204,10,0
674,trichy,114.48063661627639,50.82549394958161,219.44675841407542,76.72525902371791,2,0
675,coimbatore,112.60283471355524,76.77948501231317,226.76091146784077,75.80075606107803,20,0
676,tenkasi,118.20551779647013,60.19565061565428,232.11879178828883,77.87981144350016,5,0
677,tenkasi,161.69630694488623,57.31123461964632,240.10379313283264,81.92162988264974,23,1
678,salem,66.07334694022254,58.34991751948423,225.5424254020315,50.99790861708701,23,0
679,tenkasi,114.20896230434363,79.38090501489785,221.18039235732826,45.63647866385362,8,1
680,tenkasi,72.20856610055384,48.76242410095137,215.57285213997287,77.92639364015726,13,0
681,tenkasi,116.66537939026745,79.73262436410155,234.80063617904105,57.39535852707122,15,1
682,tenkasi,72.43940465541716,63.15744448382255,243.83194515329342,38.590499092640584,2,0
683,madurai,87.47899559184746,57.593709270369786,242.6633026795629,89.42688569082964,12,0
684,madurai,91.14730257286281,97.51350746901423,237.0993274814724,97.90203813004595,24,0
685,salem,129.27450158034128,44.165407653021056,236.385433172676,101.14321779397318,8,0
686,coimbatore,127.55363331827242,54.69471360649491,246.9762377970934,73.74015442949441,21,1
687,tenkasi,62.62847870660847,41.51353141254,233.3208146141681,82.51864191945805,19,0
688,coimbatore,101.64802332999547,74.28692955804254,236.4612967602417,97.39736446723822,23,1
689,coimbatore,78.71260435752482,85.33783400477519,226.79216138148,57.17168419953131,1,0
690,salem,62.244852679739964,85.04884172106958,216.37956629145242,92.21355368108183,8,0
691,tenkasi,93.48948848726889,78.35923129719006,223.16151099500425,75.50792468286417,10,0
692,tenkasi,90.7455163463254,57.035692983060514,229.90840961465344,88.27423304685182,13,0
693,trichy,172.80149459036568,54.521385337652305,230.60785372501303,73.72186041751871,5,1
694,coimbatore,112.98879476082088,34.93245341258903,249.26285854855394,95.92513419496004,22,0
695,coimbatore,58.67147497737288,90.53810302772689,230.81277167591068,74.47047525083073,9,0
696,madurai,83.05677987487174,67.03467117222702,241.78843444025642,40.320418810651645,10,1
697,trichy,130.64149886288195,52.620646426957755,225.64922758423683,99.03853264629444,14,0
698,madurai,162.65328318609775,79.92085333480452,226.88324114234766,51.04938518055776,24,1
699,madurai,52.42050063286125,45.40853224859999,216.7099236277655,95.06116420487828,11,0
700,madurai,43.60226844582865,66.0993305133401,222.57671987123427,68.19514237119355,14,0
701,salem,156.12895526115346,57.41056298563748,235.26981391363753,93.52021970395413,3,0
702,salem,111.68842532112711,69.58015709820451,230.07560180394134,92.6953722973353,21,0
703,madurai,73.951218043709,59.04639691220818,239.42938619897234,78.60285948630742,16,0
704,trichy,116.03887258367305,38.23608163333164,231.8125394834505,80.17070635254262,20,0
705,coimbatore,20.92756782949367,61.13364559005057,226.4754626836226,78.45257234385132,17,0
706,trichy,100.10126519791483,75.73296212813042,251.4829686378696,29.723504874378442,5,0
707,tenkasi,109.83463518529256,59.56175391219022,229.06096431286952,72.36660437796404,7,0
708,salem,127.72810418613489,71.6267268238363,241.63000969705303,47.6787164785621,17,1
709,coimbatore,69.58312143122387,44.3170577148892,225.98790793455322,73.42374287491326,20,0
710,coimbatore,102.57061484210077,59.60608810095222,237.09599479383567,47.14114907233569,22,1
711,tenkasi,72.23726121821238,50.63234317367134,239.28015659151686,46.300961175478506,11,0
712,tenkasi,107.66151267022951,71.20471260157065,232.0849197057558,102.09869003507804,12,0
713,madurai,73.13961032910927,60.47237343392994,206.45517077303398,91.3889477624838,24,0
714,salem,87.75697482519338,70.35110514504919,230.18252460856112,69.91714830111691,2,0
715,salem,70.12553815629313,76.315656392368,242.30460047759976,73.69537300498048,19,0
716,trichy,119.5340872547097,70.37427862682082,235.2748083302773,65.04167948513982,5,0
717,madurai,125.75353349969996,64.09677651440467,234.45838875229248,81.39752751959045,11,1
718,madurai,92.96138290127759,45.026816122328924,212.7774306604248,56.4789126690239,23,0
719,madurai,101.14713984880085,59.95820833999648,222.79544929324942,89.87480525735914,19,0
720,madurai,56.542257560993676,52.00364396976251,234.11357631151438,64.93826317971778,7,0
721,salem,91.00970055979639,54.8390406494366,234.1038327678689,61.603060083375425,21,0
722,salem,98.49386148874765,54.38198773874624,242.14666780132902,70.43426036969686,22,0
723,madurai,178.62379273089925,45.30111637826633,228.55133244853906,58.177063401487786,6,1
724,trichy,66.64098922677509,30.639921162990152,234.05824086673815,76.57364698992966,11,0
725,coimbatore,143.92531716257312,49.9778542750835,230.16374241931294,59.252748213732005,14,1
726,coimbatore,129.90576320397423,62.90069177886239,220.13057263498445,79.37047205637673,4,0
727,trichy,108.41909213470409,39.77734431858765,207.44208668905253,94.32013077822953,8,0
728,madurai,152.758614525854,60.235233547074365,234.31009692130075,55.613566263836525,9,1
729,salem,111.16316417820589,88.50402636466447,231.73947208412812,67.38849085409657,2,1
730,coimbatore,111.67477587003786,75.34584832878359,223.81824957899832,79.22661426070843,11,1
731,tenkasi,98.40638040947364,84.65312263680794,213.80826943484135,61.282852900371864,20,1
732,tenkasi,136.70706647255884,65.8669181539909,236.29739514408737,79.28641121653331,22,1
733,trichy,132.8940770143265,77.51264734479669,227.34079925804448,81.1079772130348,7,1
734,madurai,81.22968137511363,49.14052904298319,235.56874722368144,91.66523552588608,4,0
735,coimbatore,60.422584162036976,50.334895994670234,248.6404853041176,57.88019907830176,24,0
736,madurai,93.91058087813029,18.912896907937906,208.58569119680294,51.144495195390505,14,0
737,coimbatore,75.99884306807061,77.79218211063449,223.00399191297637,63.84845220872512,24,0
738,trichy,98.09426276153934,83.1048596972983,227.90624386688086,50.644953209058,1,0
739,trichy,137.12314404052418,51.702341319790946,244.54826174146652,81.28996408094994,24,0
740,tenkasi,86.2809503473963,56.190724404041475,213.63596980793514,46.764973996471774,12,0
741,madurai,98.71529856065276,48.692068294635575,249.35861025680606,116.66032836505377,19,0
742,tenkasi,101.74068204425186,65.73980327216238,231.3585590156629,95.918557231475,5,0
743,madurai,125.45292646615854,76.8739881795486,229.0399933826614,70.25151539200628,8,0
744,tenkasi,32.59331998046184,33.858420391784385,228.01940236781093,87.34788985995952,11,0
745,salem,81.7989911570411,66.14157795963378,225.63736967819972,37.26396271378417,22,0
746,salem,106.33851076838418,55.84992342421282,240.48116759269155,120.46746662799116,4,0
747,salem,136.00236869280585,61.70091587950034,219.3147924591756,58.19570775599021,15,1
748,salem,85.24292657481385,66.88491002511437,233.45414181643855,67.59005172201282,20,0
749,coimbatore,43.70341881874378,57.17696341840768,226.15818334293024,32.88133425623127,12,0
750,salem,118.59134337898409,58.44619719891329,222.37866551485902,79.7257460948179,20,1
751,trichy,80.93912833523112,56.79187248668042,255.85975175683896,47.87311685845782,22,0
752,trichy,64.31000022728915,74.55474302682423,234.1905073475346,72.03311523132058,23,0
753,coimbatore,81.26963830860328,66.28139940191245,236.13265544661144,59.114511341509235,21,0
754,salem,94.46423927032451,63.30875306606041,241.37776780668662,48.44512130139313,10,0
755,salem,81.85766006385361,40.93572418361576,215.78650054681452,53.91276996474765,24,0
756,salem,33.833018287027926,54.32130385180269,247.52291909122033,74.51576068171042,16,0
757,tenkasi,126.91198590661396,73.48003740508761,204.91042821504925,44.370180542623515,23,1
758,madurai,138.24625123836165,60.56544859685884,222.3123358996148,55.023766579528456,8,0
759,tenkasi,119.54565974018517,69.89297204383708,225.40968326821098,83.26546762528956,20,0
760,madurai,65.8694298872555,86.49767700491451,235.81723364970506,122.04959749748626,8,0
761,salem,93.95525398157446,75.57909103813225,232.18718266141488,79.5517763910601,6,0
762,salem,99.80436054311626,61.397375065496135,228.33185259301607,51.654767156454255,3,0
763,tenkasi,117.9638316868573,52.33516244706409,229.88002655372276,62.657716598553776,8,0
764,tenkasi,120.05021466154243,21.69675605916153,220.21976976477433,70.63178012305157,23,0
765,madurai,77.97478603664513,57.474226162907215,215.02767605515828,63.01150098728585,10,0
766,trichy,102.45986669240682,55.109812562747265,237.2651162233606,88.06116333473867,5,0
767,madurai,113.71841213845724,65.85549291593064,236.93706112536185,74.34946966028448,11,0
768,tenkasi,143.67466966440298,57.69142159537969,245.84494375157058,88.1570476981974,4,0
769,tenkasi,121.1351961947417,55.19422410844808,222.09982903184792,63.711124194047414,17,0
770,coimbatore,123.67170062126557,33.30901604239169,236.92815210300924,96.51000439442512,3,0
771,tenkasi,102.51479883788083,45.900482562749005,227.16293271635269,66.67028831436909,18,0
772,coimbatore,142.3137743561051,67.14976561200837,241.9047498519348,50.57620261724017,8,1
773,trichy,112.29288387878492,85.73861446699041,240.21962776678143,113.54640762084443,24,0
774,madurai,74.16736269479289,58.537119243815646,232.11209399224458,33.500445060777665,12,0
775,madurai,142.10109910375573,64.91716610361185,226.60469843334013,55.22522549390145,21,1
776,coimbatore,120.93709817617082,74.28717235429208,239.6093217860826,57.45944296339211,16,1
777,madurai,86.70867936614553,47.836590956996254,236.46904523256566,120.16612546113126,14,0
778,tenkasi,85.6152109780227,65.50221064928164,223.15559597913818,106.13717768293023,21,0
779,salem,108.89726635422285,48.892648405017624,216.7220132652057,99.87856287284396,16,0
780,coimbatore,113.89554385802754,72.97236657736516,227.11467099318205,63.38682675247337,4,1
781,madurai,105.9187679689362,62.27104571927599,245.15413815348208,118.52356007683551,1,0
782,coimbatore,109.33926020328654,64.4767772097216,241.46487158733038,77.36704007681942,1,0
783,coimbatore,150.99872123729142,48.26102103872117,218.8767253032942,89.54526740606245,22,1
784,salem,132.14629456704657,70.60548539416178,218.32242584100078,73.59390762212414,15,1
785,tenkasi,105.71906773795072,91.27069381846525,242.74683849679485,69.01066857353497,20,1
786,coimbatore,128.2393174230245,44.88132456857691,218.64364095242172,64.96442652147242,20,0
787,madurai,69.02428289417381,54.90361488528714,235.09295323642007,65.80720013161675,3,0
788,trichy,111.93781149840427,63.474112112521375,223.83928784663675,82.16983297356157,14,0
789,coimbatore,154.2791904919933,71.79609317993724,246.17044924521682,77.34399597550777,9,1
790,coimbatore,93.45862313822879,51.60680572065797,222.2957520086212,69.37057259592632,19,0
791,salem,74.57098214142746,17.504545647858897,241.43361530205829,100.19047985397708,8,0
792,tenkasi,80.43733334220818,80.38784241246037,231.84858654060363,10.664938625185385,2,1
793,trichy,67.31100887972835,71.40759179376214,232.52194854234287,80.1977449584239,4,0
794,madurai,76.4571427561689,33.85578704270002,210.296914186486,84.35477413317959,1,0
795,trichy,88.88475704229913,50.88646812330666,207.9708664679428,92.93925736510339,11,0
796,madurai,57.832989424640736,83.52273644290989,227.79434059732685,68.70257117893277,5,0
797,tenkasi,100.46855001848809,81.71694627686799,232.4690606341661,74.15840134767915,2,1
798,madurai,127.06831521359942,74.07960034018417,218.74802172262275,89.71896766629442,13,0
799,salem,72.76731459559238,57.35831349060206,219.1130658952366,99.8233280856036,17,0
800,salem,145.57851770925305,61.24481128218765,235.61472629826133,63.98928029642464,17,1
801,salem,115.32376265582784,58.0361129231081,235.6285448045713,75.33951566255121,18,0
802,salem,130.9174175687217,76.92359674903255,228.62258939612073,103.57147928697515,21,1
803,trichy,80.26496338443589,46.86236390257335,237.80201721186074,27.519458482422976,9,0
804,tenkasi,125.63575681199848,47.91300517673693,218.25797704279853,56.199748003708294,6,0
805,madurai,67.2419829881406,75.15411880254024,226.4406508291303,99.31671957205927,20,0
806,madurai,126.70742502509526,59.334578167326576,246.47877605783674,91.85075667216606,3,1
807,salem,105.15518019380593,80.67701033180712,230.68322129939818,80.44890421853388,8,0
808,salem,116.5975365995435,49.92731689529182,231.26312514587,61.0280625378176,3,0
809,coimbatore,64.73216183125444,59.178324594917626,253.0594658596774,52.36363002029161,1,0
810,tenkasi,73.14790473170186,46.1638052273407,216.0065783415123,58.175687615152526,20,0
811,trichy,117.91684654760155,60.11044022135351,237.9643036664211,100.96016441637386,13,0
812,madurai,71.54955987327398,37.82179594501802,246.639862798081,57.431146216893076,21,0
813,coimbatore,113.8961887629737,52.685498685675554,226.75142073501453,72.02845928479316,5,0
814,coimbatore,58.98586580619263,38.456192026078234,238.59630786854845,54.925847102765076,16,0
815,madurai,125.44522638000004,70.40884849786887,220.17980502789095,86.85548060198053,21,1
816,trichy,63.02430055694473,70.74884009639477,223.13267604432647,59.225474393071174,24,1
817,coimbatore,116.5689981303857,34.046059042734825,233.84966416047635,68.04812219691172,16,0
818,coimbatore,118.76892800938003,80.00828618250858,237.9856667311059,36.332357339143485,24,1
819,tenkasi,79.09684544711276,97.4612268962978,241.20936512406246,37.7326352759012,12,0
820,trichy,117.4607970125418,60.69009580104512,245.69628586939493,70.15346386643013,13,0
821,coimbatore,107.81326790000668,50.38328609663033,229.32553441444819,43.49685689604476,4,0
822,trichy,83.83474431421786,102.3649588650457,241.93611755172589,112.10173278669004,9,0
823,madurai,69.74335947771375,40.21547252546234,226.57695156550852,28.76953775775501,16,0
824,salem,41.121229249822626,60.30159700303648,239.02091311588268,53.99649402671792,1,0
825,coimbatore,110.48950141899081,62.69433408947885,232.07488797852182,70.33401734535101,5,0
826,tenkasi,53.05591685913834,80.17721430678623,234.45677907081924,62.69734124408431,21,0
827,madurai,102.86032598323925,65.39608462690182,234.2350787402204,47.91709086672162,5,0
828,trichy,92.09655351753253,52.52049156317323,213.95294990202189,50.84144321009464,24,1
829,madurai,120.37428326314586,45.73223444418066,218.75878141139228,50.18691845001523,19,1
830,coimbatore,90.93863501530407,54.872672696307966,231.02541439817523,64.26556610359874,9,0
831,trichy,90.11656640958726,44.896089585822835,213.1272092035883,109.03858179034847,8,0
832,salem,121.95612112864887,60.717379796770246,238.31211103199755,71.5587459311642,19,1
833,madurai,110.05174087252352,51.537057302092705,238.71555966288142,93.65800978775047,18,0
834,coimbatore,109.48467871548334,37.589433100653736,233.27170552877791,80.13952691656283,15,0
835,tenkasi,114.07802769425578,78.82718682562356,218.78865987242077,92.27724795964441,4,0
836,trichy,53.93283630378683,52.53491214856441,243.80138938868515,14.00071394812828,15,0
837,madurai,122.70366039960946,40.977947925370316,250.3721063971836,63.91083957703541,13,0
838,madurai,118.37406382040807,57.47611298268688,231.47076827445974,96.14270846301427,18,0
839,salem,69.49950614270509,61.02557348951488,235.10535378451237,58.56528354501333,20,0
840,salem,92.67758578977396,33.802999116314496,232.01738654796043,105.24946329739224,5,0
841,tenkasi,98.82078137117107,64.97471500688644,235.303691889988,99.67780307535523,18,0
842,tenkasi,95.96509646794802,44.292636469646034,228.80441243373605,60.617385677450756,8,0
843,coimbatore,110.01579899705604,85.66543213786181,229.65435760156197,59.936729619072864,1,1
844,coimbatore,142.9410034549355,67.85940768115103,239.05717600497366,49.72788315291062,19,1
845,tenkasi,132.45300183018486,54.00150014836025,253.4562416189644,57.40811536272405,23,1
846,tenkasi,60.63342419705781,48.82248344523974,215.9992876559826,45.348218716621695,17,0
847,trichy,118.66209970918146,58.42548438654564,228.96187515597032,78.57622360866011,2,0
848,salem,139.8679995860623,69.19186112374935,218.19539514767916,40.87907013307133,19,1
849,coimbatore,111.60425562067608,59.617588071222,245.92024898576082,82.07466032380444,16,1
850,salem,132.729412755579,56.74261789294715,224.12262030680102,82.56157393800497,18,0
851,salem,160.36811337102296,60.87555436226843,215.56799206214205,36.775911896321546,2,1
852,tenkasi,130.71128638320943,50.94211603144568,236.38186998848573,100.9963721265668,6,0
853,trichy,107.47925786925187,54.85191109735443,247.44311114743113,80.27218588830443,7,0
854,madurai,131.3526542225426,28.71311341642494,236.63597868560763,84.99396042889738,6,0
855,trichy,104.34663499290673,74.60589346278552,232.04797877281916,54.82669596914455,6,0
856,trichy,100.71709129854867,64.48196670482643,234.09140922775993,82.44758236946237,9,0
857,salem,89.45757292858802,48.39816233949855,244.14840662825554,92.52786899444132,8,0
858,trichy,146.90240076496326,88.48102472032858,221.2580072998585,68.02783201990646,24,1
859,coimbatore,75.44714002173995,61.3052472058858,228.88152895913686,110.03844918496722,22,0
860,salem,145.97103174034348,44.45784642037205,225.47309851490468,70.88129269825875,21,0
861,coimbatore,114.99592371221114,72.85106132205688,218.32134692708289,92.81571600904948,9,0
862,madurai,58.02081475594176,65.97072324763894,226.71624740583198,75.8601761451731,12,0
863,salem,111.02947878974265,65.91869978226329,241.0772109598245,81.71043065713735,18,1
864,madurai,36.99920477045128,53.61366593022614,235.66602148392727,36.573354647304555,23,0
865,salem,118.76524050493107,66.75743585667053,236.44310500108202,77.42107476430726,6,0
866,tenkasi,126.55694448966973,56.07362564668358,231.46475611653318,55.30049797485468,23,1
867,trichy,82.2293213304384,68.33912177468764,235.23323782728588,53.07203388444624,4,0
868,tenkasi,103.70643087866748,31.425833189840418,221.99409657651896,104.88206368931957,7,0
869,madurai,158.62472301250858,53.49189805531216,226.9049011407277,65.72459503875302,18,1
870,trichy,84.8275988721419,85.83232646712293,231.92004236968677,49.93396338049007,20,1
871,salem,68.23277238830198,48.49398816899549,232.7751585888189,62.817367437822504,5,0
872,trichy,144.44990207387798,50.942425537602205,233.20187854921872,43.99099542156172,18,1
873,coimbatore,158.87761571592384,53.28057992325037,228.6166471798362,98.6776893639254,10,0
874,trichy,100.11087015543542,41.77790796167035,226.2257659886967,56.0863851166697,8,0
875,coimbatore,130.3438910622507,26.875788356576216,261.577712830443,80.58599867887338,1,0
876,trichy,140.24427746592642,56.541204022145806,239.067872729324,97.12213428420651,15,0
877,coimbatore,77.72547302384848,62.03789136122485,234.1314747595262,59.99694637570541,3,0
878,madurai,85.44082493896396,59.21242397192022,227.66791501793605,80.64044864545572,15,0
879,tenkasi,136.92623539464205,57.826821570781696,225.48781173056125,49.3982789019114,14,1
880,salem,150.55042836125529,60.645613062755814,228.69199406273043,118.91539138227368,1,0
881,trichy,116.88642580523064,75.34262207326147,232.92828843586685,88.72760269233244,21,1
882,tenkasi,73.60556939493837,57.143307211061746,211.19564455936919,66.14787122478388,8,0
883,salem,159.61183335098323,51.38876134369096,214.30610404625315,54.54332538222072,7,0
884,salem,84.07087306564107,55.783117726678704,223.63117611061043,67.72006894320748,9,0
885,coimbatore,89.94586656485644,68.69020139635164,232.07139436778567,63.200325552969616,18,0
886,madurai,110.27013503468865,81.18040317814874,227.60726852848148,109.05889107999013,12,0
887,madurai,146.62481262144323,50.57784391246233,244.78121226099483,45.489305555701954,8,1
888,tenkasi,125.6192792965667,61.48400680543325,215.1760321300423,72.69602846580406,8,0
889,madurai,112.44596501085731,65.07536162903939,222.4865453039663,69.6332386673258,6,0
890,trichy,113.89865590354319,45.111329899067655,245.200917409911,67.65179399310261,3,0
891,madurai,101.30544005930398,60.306257508193774,231.31119324675146,67.82766690123316,2,0
892,tenkasi,116.74418543555518,38.01489213986858,238.84842582801159,67.67858379759033,14,0
893,madurai,24.113197669170916,33.46424544390902,250.51246943269464,87.461321326642,8,0
894,trichy,91.10177622790604,65.50119611838386,223.06195582098178,82.17968892984871,6,0
895,coimbatore,107.23965804750343,54.24187888003826,229.00685662207968,78.37823222745573,4,0
896,tenkasi,65.46957749141478,63.03420611431829,227.27573099069127,9.320212757094623,5,0
897,coimbatore,111.5896995343468,59.73157534487475,210.45406995516726,75.99589748326328,21,0
898,coimbatore,93.86586337041635,45.35399927004304,226.8960319624403,36.88721279659835,13,0
899,coimbatore,152.6642709494647,59.32118547053495,238.81062187380667,82.9264032627165,9,0
900,salem,147.19059175644568,41.50348042477717,235.4058954181224,99.4899473514103,13,0
901,salem,86.02583292645511,80.86458537002102,236.1908316938801,51.475217748228985,9,0
902,coimbatore,95.47486865299913,39.66044482710054,226.244910193605,64.76438555314587,24,0
903,tenkasi,97.78157303174822,57.06322093547128,223.4390276399436,58.01288589894006,24,0
904,trichy,86.45021571521131,44.36592617929127,242.6925567189862,94.70863551513602,16,0
905,trichy,105.8507495208438,68.55631760041193,225.0268285364233,71.90055770544146,12,0
906,madurai,77.25153793337229,55.02852943077745,232.94082038793215,104.56658761132667,2,0
907,tenkasi,66.08153995187422,52.219999205681845,231.6333468067754,78.27508405894775,19,0
908,salem,118.68133671700807,72.79802317577332,244.61717016257117,74.84900361271639,16,0
909,coimbatore,118.88588752665433,60.441458875163285,239.7141235767236,71.36413565205673,24,0
910,madurai,75.87052721020024,67.74966668903951,217.0474137933288,86.35984198514673,13,0
911,trichy,126.86066292287799,45.280110952238026,218.1244683322496,35.24627603509313,5,1
912,salem,81.05266812504006,38.9277458410874,235.78909818069135,71.7068791104102,23,0
913,salem,107.59495714113943,61.608119430602,229.35662352620832,68.5990711254407,24,0
914,coimbatore,124.61032037837369,55.21730466757903,225.44828216046236,84.50837654315532,6,0
915,trichy,98.9916230588886,69.39652008680916,240.15627883994472,66.24596788251927,21,0
916,tenkasi,113.64222736423403,58.801373210061755,231.87459382088912,49.2253113167466,24,1
917,salem,84.50711068337284,63.07613008851945,230.52457386889444,70.14701349839399,17,0
918,coimbatore,94.10600249715708,35.64926205088135,237.7982864075505,48.34318942263313,17,0
919,tenkasi,93.8242170735898,88.32655409421385,226.24891005056435,31.49475574825029,17,1
920,trichy,77.60264960379283,57.53637022451952,245.68518985472554,84.54244962970986,3,0
921,salem,94.69677510652653,70.46380455508799,222.11952376766993,81.58123145389341,13,0
922,tenkasi,53.5414510340876,47.458624946705605,236.56929066342087,79.3418188798715,12,0
923,tenkasi,85.26538758573686,64.6201485332601,244.33832838659845,96.05856843891623,6,0
924,tenkasi,91.45373519890987,40.457328547128824,216.227045107279,56.699362193921495,22,0
925,salem,92.3146074251386,66.78101757389507,226.56664824147552,41.3777171445749,21,0
926,salem,92.75507662387663,54.66038873421251,241.42207392885558,68.59940446383911,13,0
927,madurai,98.14707400419613,60.43785755903351,241.57244547731025,63.04999400588179,14,0
928,trichy,114.38324554258192,70.46961045195147,228.2850439961176,53.154085664598625,7,1
929,coimbatore,126.23551222397568,41.5118953316958,222.6532890632314,68.40301693024408,5,0
930,tenkasi,80.50704319455198,49.73262404080805,239.5593582233076,57.76789707590831,14,0
931,madurai,63.90397433832567,66.85986421630149,241.83549102581605,33.27989433286338,18,0
932,coimbatore,68.7386676327069,91.4733221182012,218.35336651487606,61.17646618412479,4,0
933,madurai,85.38391236415218,57.92876498007777,217.9608635103362,47.27249666592286,1,0
934,salem,89.44236046550472,68.86704176885898,232.252566819836,74.63296143221845,7,0
935,tenkasi,76.90011801407628,58.3954279521228,236.2936063342889,56.8793048351869,20,0
936,coimbatore,61.116500072503165,89.1336839213445,227.00930914769944,92.23262948282104,13,0
937,coimbatore,86.31637517577435,33.79167499552116,236.79293819982348,102.07732134535732,4,0
938,coimbatore,105.44279860341913,61.41931567004037,222.8986339316262,83.58762746023812,13,0
939,coimbatore,117.85088397506695,35.616839496569085,208.85306400926265,38.9794763603336,4,0
940,coimbatore,83.27730840675036,22.401426441949248,225.76098927667405,100.10391997758079,3,0
941,madurai,87.61006533569697,64.46193079676725,230.632321465131,101.51440900747531,8,0
942,tenkasi,72.19905073458068,62.092466942211885,227.24160040103544,70.37581022615882,20,0
943,salem,99.05682488875671,55.72744593386698,218.41396736340516,96.45852320671064,8,0
944,salem,74.54714097427556,58.407088649403704,211.84351024121182,58.96649723906644,17,0
945,salem,117.193834397236,106.47449151106886,224.85911195632102,32.67508130300821,15,1
946,salem,46.424005241976666,56.127372929528484,238.97655771649744,54.79431122756813,4,0
947,madurai,89.21110982642612,67.65186541875113,242.56197439413683,104.58601732089514,6,0
948,trichy,109.03322017575226,50.25952770579178,241.87713384138456,40.17840152777053,24,1
949,tenkasi,105.51503548967513,64.42848862560905,221.84090464851448,69.99042563862989,22,0
950,coimbatore,180.7910099194149,56.42649487416574,218.46293676369635,70.68287786680425,6,1
951,trichy,110.49400073703723,53.84222275905405,234.96634614979897,59.740515120643764,10,0
952,salem,69.87836209473969,87.28347798300487,236.35100011597925,61.1295680032577,4,0
953,trichy,97.1360725873278,77.65777444776509,234.00169605200497,71.44498268472405,9,0
954,tenkasi,46.71260999600645,62.05119971098846,209.85936725762235,58.756753161305454,16,0
955,coimbatore,97.58200752109717,25.4368209608405,221.33115415116532,41.558830056641376,7,0
956,coimbatore,75.00831828997724,54.584861651211455,229.7031120971402,74.30063885886912,14,0
957,tenkasi,127.46170826680485,100.54541346607625,234.87218194630427,91.46733164889945,6,1
958,tenkasi,83.51379176213395,56.54007500040438,237.67307362602486,87.39145037306842,1,0
959,salem,96.4970225261426,76.54826358080487,231.4425352228204,53.805290652203766,18,0
960,coimbatore,80.9332647578679,81.62913602928901,233.30783806538236,44.97544169244648,12,0
961,trichy,152.16554055559993,63.28445873783963,230.84865458361105,64.31624235690443,22,1
962,madurai,90.36271701646265,47.37267552197771,236.85619374218484,101.35583019591328,15,0
963,madurai,154.97671130437607,23.470315023256674,233.1286565149091,82.91196157919092,1,0
964,tenkasi,124.424552863548,70.26244812913431,230.65737660047287,84.07929353588467,15,0
965,salem,114.46200182006159,47.77865995764678,227.3163120086262,87.79713903570989,15,0
966,madurai,111.06199441952559,62.642256778315385,230.81291425042483,78.41533125037172,16,0
967,coimbatore,111.81391894648755,41.25269490615953,234.84591378839275,72.41217095227157,21,0
968,tenkasi,42.1698226196317,56.021436892946966,232.6747538889806,83.24613793295936,1,0
969,trichy,91.6334981754773,60.5057858235158,233.80826418345254,59.07667791563961,3,0
970,tenkasi,125.35473913552966,64.02890371566447,243.42721861351185,41.710739772673584,12,0
971,trichy,98.53308449577683,43.27766718971378,232.65163922746586,84.45993869248646,7,0
972,tenkasi,57.84430459589275,77.95366423142028,223.51001479526843,94.7547621149845,5,0
973,tenkasi,98.42786648267591,51.046578229020426,238.8360678599417,47.635361212879374,1,0
974,tenkasi,151.12316548766472,34.882958093201324,216.33801662331084,86.438429648318,1,0
975,trichy,137.40675146604158,58.364648700548045,219.18586619260714,103.61531426776381,15,0
976,trichy,98.13987971901905,60.5156296353969,233.3584726472007,69.95507596485758,8,0
977,tenkasi,128.5434783117426,62.4088414975764,235.1639666778658,53.63995630516507,11,0
978,madurai,89.00478938895844,80.43198605527618,217.54948776496005,72.46037347053512,14,0
979,salem,48.88385239519843,56.45326744896211,226.1718251901325,58.989320635985976,23,0
980,salem,72.26602035611337,58.20570563446843,223.9391616778034,57.665397800871965,13,0
981,salem,146.88666305524595,43.45223428150359,225.13323677118404,78.66368134543086,19,0
982,trichy,91.78020754512087,72.30830254331846,239.43597776272946,37.92541049940209,12,0
983,trichy,92.69848061874946,62.76463596117155,237.06505463547253,41.12142155015546,22,0
984,madurai,91.00485411175359,53.699584090587564,229.80877820146293,70.38581760747886,19,0
985,salem,157.12409768719021,31.429879598018044,224.54038072885072,69.55382922175137,4,0
986,salem,148.7787674608619,81.66618292582632,216.5035032977986,76.87109154079872,4,1
987,tenkasi,166.563407003444,41.58480053315914,244.2018493878195,107.50450776966777,3,0
988,trichy,95.22864368799846,51.130829859454415,235.92113900284917,72.09028072151642,6,0
989,salem,108.86873466241285,65.37516766614004,222.9333089592686,81.96344300669588,5,0
990,madurai,54.500723517376265,42.05163107074971,237.19599497624893,50.48934128770736,11,0
991,madurai,144.30803278354824,37.59735332620285,229.29776379425374,85.35875327033074,9,0
992,salem,64.96661346196194,28.140786259490028,227.12890495137657,59.472182697786444,3,0
993,trichy,106.50326691287887,70.81495429358453,234.35211528289602,71.42841665162186,9,0
994,madurai,67.08092417101469,51.82220632910517,222.58501750087274,67.82302749861677,12,0
995,tenkasi,82.33399519783912,103.90905138709995,226.5624348048989,90.65948469828062,3,0
996,madurai,74.88212706850899,45.0846740155369,231.21461064199545,43.80046891250001,20,0
997,coimbatore,81.76374217972547,46.17823464856618,225.00548807114785,24.335227307699213,17,0
998,coimbatore,83.82631890553064,51.51910544571898,236.69085210267525,65.73134605824151,21,0
999,trichy,83.55193615224769,63.64701982707734,248.6906650367826,79.37062513810248,12,0
1000,salem,125.00001735340922,52.94694991822033,222.4570186739286,73.04538751615,18,1
1001,trichy,66.8541162081244,69.18498321003769,213.34874703695957,94.64408474827823,4,0
1002,trichy,106.61624281041601,45.32117415017019,209.98259832523738,78.74745348359336,10,0
1003,trichy,136.53877456916675,39.27612422304628,228.49531858505017,58.7230333628028,18,0
1004,trichy,84.60410906459812,33.02677890886339,223.36835409873817,23.491596917206394,8,0
1005,tenkasi,78.46243327757195,26.646387480942046,232.0786050106708,65.25375531609563,9,0
1006,tenkasi,93.08426124459247,52.22896470787415,231.325976720261,90.55918004515595,19,0
1007,madurai,135.3917562508213,55.48529531410167,213.96783153385903,62.15904434665771,13,1
1008,coimbatore,105.82322892860073,50.52844458775225,211.85116170518594,70.56640527355529,6,0
1009,trichy,84.06357116177205,78.65108695780742,232.95933240346096,78.42720508613417,22,0
1010,madurai,114.5162995356412,78.42045314412202,231.35428834719957,49.69415251500368,7,1
1011,coimbatore,66.9312355049073,54.97795518833247,225.7418200163345,82.46471793277635,21,0
1012,salem,120.44078531328844,33.091183302120555,213.42856414867697,102.74243580003412,6,0
1013,tenkasi,112.25821923105303,51.49942337917421,234.7139126276499,66.54373296213187,11,0
1014,coimbatore,90.76574586583348,51.002679091244076,242.71899545423943,47.418711563353966,17,0
1015,salem,74.84242604658307,50.14297556582913,232.77982440218923,68.66797945956053,19,0
1016,coimbatore,73.39957233149627,49.534216441526326,221.52526109434936,25.512317827822628,12,0
1017,tenkasi,116.0445200903773,50.198056564127896,230.4455216557115,76.73806527953232,21,0
1018,tenkasi,136.86941507467185,54.2018757615336,216.33885919066316,79.04548755297158,21,0
1019,madurai,80.88076758913616,50.46688351776665,240.57960713838793,103.51272587691125,24,0
1020,trichy,113.75160110654453,63.12483762938388,230.81844334529538,66.1201041486675,13,0
1021,coimbatore,37.38918944193794,65.40553073857292,212.31843088246768,78.16970676292941,18,0
1022,coimbatore,82.46146808028402,46.34032369226265,226.99325639556318,52.77423795228198,7,0
1023,salem,99.06823201387294,79.0659798901055,234.6330151023423,62.871457589498426,23,1
1024,tenkasi,72.70949749054499,45.29906547239079,226.66952379024477,39.49629126675604,5,0
1025,coimbatore,71.90480875631212,35.73299079276994,227.24104278559827,66.10420757433529,16,0
1026,tenkasi,79.96661330593341,65.71167107047577,217.7559779295273,63.893816929628706,22,0
1027,coimbatore,108.7657818497912,47.7388779837849,235.66540987081657,75.98399532177791,4,0
1028,madurai,94.38012944780876,64.81937206136082,223.5153079998086,57.52806239334721,23,1
1029,trichy,32.85306300025084,23.94497098349204,208.43554622994967,71.66690701950183,1,0
1030,coimbatore,36.378995420948016,80.88683912224602,226.28742629329605,63.332398887846686,4,0
1031,tenkasi,81.79404466428474,70.08440112060603,239.81149715570353,63.370012234009714,3,0
1032,madurai,113.73059758160656,37.49285176255498,226.13070553400053,71.6072465192606,4,0
1033,coimbatore,17.57485471824296,37.818343142305714,247.3798498512352,70.8104588463402,1,0
1034,salem,85.00809471545108,85.08398856146292,234.28967948548518,85.22348078103278,12,0
1035,trichy,84.21256430447737,48.939301447530625,233.38758162280365,67.5871393174033,13,0
1036,coimbatore,141.65013334625343,47.487227269010646,228.71601734082392,63.002293017539934,2,0
1037,madurai,88.4493456486141,26.009218587760756,229.3171379223571,66.38385109825548,9,0
1038,salem,111.48966954222786,54.738326915976685,227.36576364880497,55.70671766318015,7,0
1039,madurai,104.23771420262389,56.58420577746371,226.97730607917472,62.80177812866657,13,0
1040,madurai,36.08300560578398,70.73239645154229,235.30867162067148,110.62317426146463,22,0
1041,salem,123.04621649895212,39.01382357723287,220.64168770209434,51.746424786082656,2,0
1042,madurai,106.46189516368864,37.19569811639086,219.2410617127574,64.42687332241381,1,0
1043,salem,115.24805919023768,66.76443952164715,218.76804949124622,62.250226734606194,18,0
1044,coimbatore,217.7871311930898,75.10095106840598,250.45654547677154,65.05656775511201,7,1
1045,salem,37.47661181504235,36.432714733231755,235.3034290167058,63.3752138224321,18,0
1046,salem,151.74089949283325,76.22271129449612,233.04492201680145,75.58480202442,19,1
1047,trichy,91.37657441798933,60.563127622302325,219.42485329706568,35.79649797216411,8,0
1048,salem,108.61986713209028,76.37708008611969,236.2334230067483,90.7434294506401,23,0
1049,salem,98.63463264096274,58.94669457723575,228.8342865354667,82.65165599284394,12,0
1050,coimbatore,87.2729099980587,22.16583123768074,232.1416894113175,45.1425682787373,11,0
1051,trichy,82.90501215283723,57.72048926525942,220.23379684136444,24.618454540951973,9,0
1052,tenkasi,109.88526206719027,75.90215728006905,231.60268857417577,50.458557077171974,4,1
1053,coimbatore,54.48478909984963,46.593809713744285,225.76166461793517,65.14667077145755,7,0
1054,coimbatore,122.51737502565297,54.18052546638822,222.34388842969813,121.6058379738155,17,0
1055,tenkasi,87.51416785344239,57.357997446735325,237.3410633580725,80.86513929948546,11,0
1056,salem,66.09791982878926,16.50729180197277,214.6229219147,33.84820701637085,2,0
1057,madurai,86.49961426012558,85.07021363156214,235.6477626431415,56.20688990198112,23,1
1058,trichy,137.7144765058772,46.47936480154238,236.84486133552997,68.93575127454034,18,1
1059,madurai,83.9399473895133,67.58603148709199,221.20356324448758,75.07367108596193,22,0
1060,tenkasi,110.7536085462886,58.699482957776866,221.79671538867532,43.70502279379154,12,0
1061,coimbatore,78.0713117285358,78.8642858453904,227.769743187336,67.30019544045877,9,0
1062,coimbatore,122.73765549770859,66.09084183642122,232.8203621046222,55.647217247789186,11,1
1063,trichy,120.56523216370613,56.47613592718538,228.47145008185774,47.92482874795367,5,0
1064,coimbatore,155.45826499889233,46.5972736122108,234.3356246019188,75.19191293397908,7,1
1065,coimbatore,94.73308163502354,71.96776052073209,247.629796525374,85.47754346885645,1,0
1066,trichy,120.0596441427372,31.89838044068075,224.92283230850285,86.82082553923239,24,0
1067,trichy,102.94202618616833,69.68835630413838,212.8482002929658,81.48772702267752,5,0
1068,tenkasi,138.87615345589043,43.51432872667691,238.25923583030652,60.052609337194745,6,0
1069,coimbatore,78.43502837173808,78.7842549293496,246.83314575927528,84.29099522927012,13,0
1070,coimbatore,122.35015938631844,62.41949313994043,233.92768363051124,76.18108876208576,11,0
1071,tenkasi,94.15908111649955,69.66185651775163,219.1225132464633,72.67883765904027,8,0
1072,salem,98.07435468674507,61.22983220737079,228.761076367648,57.76613756596403,20,0
1073,salem,102.75257453345118,33.71434357288505,218.81476515788367,60.062477453169436,2,0
1074,salem,107.56721189280032,47.08906254906992,236.42855493962946,71.47773872249108,15,0
1075,tenkasi,96.51312870634125,70.08584006417074,216.48709597301564,118.79748933971003,10,0
1076,coimbatore,106.44139549511578,62.49983726039766,226.998712131718,76.02484960182781,8,0
1077,tenkasi,147.34354172686554,77.71484857958508,219.95662173706094,57.77622995499428,2,1
1078,tenkasi,129.56349056845656,66.04911844555758,231.26824685134963,53.35221110061114,21,1
1079,salem,126.0746377749069,45.499471639460104,226.33658322862243,60.16466774687594,15,1
1080,madurai,86.33381421928388,48.05903793419049,231.76762103250263,113.54586895098132,6,0
1081,coimbatore,73.32277515315027,61.54376085784856,230.22350554966366,62.01486708108076,5,0
1082,salem,128.6590167471326,25.28933900999842,220.1334097227589,88.13741069220569,22,0
1083,madurai,126.28140377589384,85.10162828434477,236.26877063529022,62.48143509057287,22,1
1084,madurai,144.18012027252945,66.62620104566336,229.51234348156885,75.22369082559257,3,1
1085,trichy,81.88058122092312,78.40551895573309,220.114709921341,85.83490548017444,11,0
1086,coimbatore,93.11354033918958,36.29094088786246,252.40926556205793,58.56194300380152,11,0
1087,madurai,50.815475124236976,78.66847740532884,234.76430166717125,57.177766916944606,16,0
1088,salem,88.22586681817381,93.47248366541623,228.46739446600694,103.1773938891066,3,0
1089,trichy,129.89711531738342,40.18682466934024,244.15204526701822,89.69185789791594,9,0
1090,coimbatore,86.00513862315407,71.5710269235565,248.41815609386606,85.81344637381457,3,0
1091,tenkasi,119.21439385602471,60.0166491703094,228.54650577686115,85.74552586245828,19,1
1092,salem,94.28490682006566,36.83349227627633,233.4739748643476,79.19150976622132,11,0
1093,madurai,109.72171084664681,67.39325957777805,220.1199718199706,110.3555162635013,14,0
1094,madurai,65.56925830552998,72.50404807256022,228.5280724923199,70.87816603754314,2,0
1095,salem,102.55628348901703,50.9831017099673,228.0093744624013,81.54524734401839,7,0
1096,madurai,10.265920872978299,77.48874780382835,231.84827033621653,40.98174142811975,10,0
1097,trichy,94.39311525514046,34.998548898162035,233.3276047863701,53.50078626817518,10,0
1098,coimbatore,51.0858026885458,37.57865780325534,235.5982844882806,45.983620003299194,20,0
1099,trichy,136.17983549640448,62.04896093383128,232.3764265629996,95.48127167032298,1,0
1100,madurai,123.32222058293533,60.38077916958407,217.89257373370836,18.949196959585002,6,1
1101,tenkasi,114.00012945898243,49.25139767363842,220.61532894258914,61.95379954494555,21,0
1102,coimbatore,145.6301868147814,72.14391653957829,224.53592380536327,10.125867946787544,14,1
1103,coimbatore,71.53250437525489,67.96341471323925,227.1775940807677,53.3742420903622,2,0
1104,salem,152.42089593746675,72.87208606401023,240.50774290472114,60.18102100536267,6,1
1105,salem,127.96574692781154,58.15295346971599,218.37061013147087,97.69742187588088,1,0
1106,tenkasi,92.90334138343162,69.03870401967511,226.425849518293,77.93255878442915,3,0
1107,coimbatore,134.06860441548832,53.31524545455008,239.5300949821405,53.33716953342068,4,1
1108,tenkasi,66.81119462765098,90.80728035129894,227.0012252550339,91.31927439463652,13,0
1109,salem,75.26457515416979,47.81181344817021,234.60415649842824,70.35664509059515,3,0
1110,salem,81.742308302809,91.57946144187468,228.60457957072097,70.75133717414505,15,0
1111,coimbatore,84.13066875807954,60.52331920634113,232.56783257324722,45.94656984456016,13,0
1112,trichy,68.30327071719242,39.367336656468865,227.7152745619046,50.19972572193721,22,0
1113,madurai,136.69249201285976,80.52119025732901,236.67065472728353,53.498054001089514,11,1
1114,salem,92.23436798890505,61.88852082592439,214.54943592593565,70.9292254630838,4,0
1115,salem,110.57514905070639,72.76686147570356,226.36687991611456,71.5577145396135,17,0
1116,trichy,82.88945900758958,78.3578387781389,232.96572676694308,100.8818532704809,5,0
1117,trichy,45.38190098354448,65.06933331217537,235.33695248006194,77.70110335875668,21,0
1118,tenkasi,108.10172075174266,51.11638732780778,244.92952622753828,15.848686126557837,24,1
1119,tenkasi,42.632350737406696,74.63570066503875,226.08975333134424,75.2528397574338,8,0
1120,madurai,97.94097861743595,60.011332611818936,244.79481761860873,40.99967287664934,21,1
1121,madurai,58.95054883501569,70.28786727912629,223.4097617334033,50.680581507769276,24,0
1122,coimbatore,159.61827997692424,27.69404139312808,243.28646411544645,53.7566105654734,10,1
1123,tenkasi,127.34088166524165,66.70472575514778,238.17467126698372,56.73323352975396,7,1
1124,salem,103.1726137381444,50.42121262282455,220.86541420367777,42.49701215919394,17,1
1125,tenkasi,137.91120032964005,84.79964455767796,233.07039237251823,74.06964006904575,7,1
1126,salem,74.61052067602793,69.34631021833643,229.4876416446781,41.78395429818082,24,0
1127,trichy,116.3043813601028,63.59786618773945,236.25584593675,77.13335214499693,19,0
1128,tenkasi,105.9943130115614,67.29464990025332,227.7672841156669,114.73942154123259,9,0
1129,trichy,107.9206024400101,45.02338720684923,226.9275377433827,43.41281882131872,24,0
1130,madurai,138.17060500320304,84.34885035792081,243.69094582762852,64.30979391321556,2,1
1131,madurai,121.97476308339407,89.87055627625357,229.01279105544327,19.5308527497506,22,1
1132,coimbatore,108.66170988475069,65.89370265822325,238.26422324191765,63.981294140597335,20,0
1133,tenkasi,50.353376913151116,83.85605352860458,227.746485149558,82.85434305262967,19,0
1134,trichy,71.19861114161608,51.462777019912,246.66663259227522,84.41278462714534,6,0
1135,salem,96.31873199212828,48.04329650662529,223.21665370664508,71.54727460568193,10,0
1136,madurai,102.80117122829954,60.613871230933846,223.85856468752814,87.78526849517951,13,0
1137,madurai,66.09388825978229,66.52411557551848,245.24517181115903,120.92109071885584,2,0
1138,salem,172.35030026735262,54.09019978135319,225.55053609104746,104.24609374875199,10,0
1139,trichy,145.49182165760718,68.06652285552725,246.01074306164392,59.54958141180726,10,1
1140,trichy,118.0635496117745,64.59584223110122,238.91840579594813,40.97792027066523,5,1
1141,tenkasi,102.16110583851234,45.02539837063418,228.45350293439168,61.87697166852393,22,0
1142,tenkasi,93.63373090296545,67.78189526177582,211.8670652798284,51.060344687653036,4,0
1143,coimbatore,71.44244619933293,72.95292363782282,229.80681695728165,79.02695095729266,23,0
1144,madurai,102.32441555556588,62.57203976385586,231.01630053533424,46.37612921141004,2,1
1145,tenkasi,107.73257620428252,77.28972154892539,241.67217733304372,68.54355134819316,7,0
1146,trichy,62.74718273555127,41.73894309754572,245.88447176240112,86.76028109072621,18,0
1147,salem,110.02529251734693,67.01925633197777,223.15012820856253,67.98608254365647,17,0
1148,trichy,95.34222853525753,42.44578940404838,238.01181763988183,51.073723545044075,11,0
1149,madurai,42.76577326367827,43.28877962650368,237.6540215601335,93.49628115171384,21,0
1150,trichy,74.18844967661494,50.53603749393315,240.73412702410445,32.42038110492346,18,0
1151,coimbatore,87.59183399735068,45.869097246386325,234.98689912135544,63.44409888245074,8,0
1152,madurai,156.63062972020572,51.78006271888293,210.5750230903823,69.1667995323733,12,1
1153,salem,116.69659373601274,56.78774533933217,228.4457756747224,70.31817316799263,24,1
1154,coimbatore,59.93555292700326,72.55731729497077,218.44292425083086,73.60992112156163,1,0
1155,madurai,114.58108868252911,55.18261441941446,227.97394227081926,82.20879639618987,20,0
1156,salem,53.58088033184904,36.21561439845611,239.80004236133894,69.29185121909298,21,0
1157,coimbatore,132.4807316166122,77.10101769742741,233.05150835874971,62.638834357126385,12,1
1158,coimbatore,85.86626044546364,47.443647995774406,241.48090866397433,61.848213106806085,6,0
1159,madurai,97.19091433782488,59.119193593430566,233.4175392071354,57.76968395923291,3,0
1160,tenkasi,139.7738994262657,66.69804760411067,217.01674060331098,85.7508664865373,5,0
1161,coimbatore,61.385092942472504,62.99415627604174,204.79152993427266,57.06943041046971,14,0
1162,coimbatore,58.08645444661026,76.41269321282213,231.4880876167959,86.93542218016489,12,0
1163,salem,82.49202020961985,67.18504715089138,227.86073533648835,70.37998164519742,13,0
1164,trichy,131.15136553057948,47.08035630454338,220.2305426061812,59.574903862877406,13,0
1165,madurai,54.41961773569473,92.67843260987493,212.9937275034862,82.3681443148827,17,0
1166,madurai,15.035332056682932,62.915001950073496,222.6525678652729,55.450921505537636,24,0
1167,tenkasi,86.46523424773004,57.78989660067741,228.05508515135224,82.76368081456425,15,0
1168,tenkasi,116.55222399732762,74.45888134583356,236.6587782370639,74.2545224238357,6,0
1169,madurai,136.0078524921649,63.74176418895108,231.8863108156798,58.07350621816158,12,0
1170,tenkasi,86.10515913743804,65.98842289408991,246.0806724717273,80.57269630669118,2,0
1171,salem,87.65720178651992,97.3827599790103,219.64395943954605,80.93179451377277,4,0
1172,madurai,134.61702202767242,55.8731785761743,238.81058892057433,93.15039211619916,20,1
1173,tenkasi,43.90774900913738,55.23358658973906,230.47298743128727,89.32294024818592,21,0
1174,madurai,88.34437674450972,61.74867768018696,236.94669124118585,79.82548041452566,12,0
1175,trichy,105.71271669775173,76.07273903371558,225.63485136734457,47.44818097582474,3,1
1176,coimbatore,113.47656163855103,37.40198954714401,240.7168037389059,118.97173976348114,17,0
1177,madurai,84.70579920427352,30.51666162785242,232.95224758345242,41.927675778563795,6,0
1178,coimbatore,101.03323035117523,51.193270940697786,223.20555015082252,88.98526348564619,24,0
1179,tenkasi,25.35017939761032,35.491155614110696,229.87975971086811,78.62567633772596,17,0
1180,coimbatore,80.25254762998455,53.62752978711542,227.604441410629,46.51715255037771,17,1
1181,madurai,113.60526137663402,67.53749544193936,234.89178350637795,67.51398122243002,11,1
1182,trichy,70.53117897235961,46.63876704671605,218.20223250625492,68.42494227510718,23,0
1183,tenkasi,101.76952664768793,38.597601348279866,229.70648297884304,96.11165431621046,7,0
1184,madurai,113.40617502408094,61.04005742573022,233.95307252649332,55.73378199439577,2,0
1185,tenkasi,89.72352397426705,72.93815226922756,230.33023307193034,64.76109987151293,19,0
1186,salem,105.11391312989713,34.575398422250814,243.46941244388995,23.278607899574737,2,0
1187,coimbatore,71.11802304146164,72.30348597458976,237.74022774071054,104.69525586247154,22,0
1188,salem,93.8016616091186,72.25959305607489,229.92519203259252,48.590635139598575,13,0
1189,madurai,118.30648508767668,74.31127653234942,232.16689097497672,76.5382172847835,24,0
1190,trichy,104.70918882905303,78.2772032230753,232.95665551482,67.97184340556272,24,0
1191,tenkasi,82.40406191308193,93.03020886989424,234.03299604166824,68.0399806643332,16,1
1192,coimbatore,106.72649212872379,54.65861927071417,211.74342004335392,86.1972396974175,17,0
1193,tenkasi,121.43829371909854,61.643573701167874,226.98473704230653,103.42524920607269,11,0
1194,madurai,38.50176164267566,53.75342350127961,215.15560931806573,75.02987339883984,9,0
1195,tenkasi,134.77222194867693,60.02965267133716,242.78280947459487,83.10156035261052,24,1
1196,coimbatore,89.91235783956785,82.99310033454468,229.39150479997073,76.57783073454081,9,0
1197,madurai,112.76469799720691,39.82478274103997,228.06659050320377,90.35062847861252,14,0
1198,tenkasi,135.91740770935684,47.08425491751637,238.96797332033236,60.74167241027346,13,0
1199,trichy,58.84978908308602,80.65771404756842,234.22324797449875,91.50781108832828,11,0
1200,madurai,78.7167699271736,75.30054760353134,218.71365485620794,92.20999731294768,12,0
1201,madurai,91.34353912372886,54.55302529774383,229.2909463747263,91.65074017365819,22,0
1202,trichy,76.48739436626715,72.8160300168108,226.64833026773616,56.79704265327048,3,0
1203,salem,152.04809727510425,65.1182376373805,212.55467111393946,66.63324731525618,1,1
1204,coimbatore,74.29683718519621,82.50411913501482,223.09723766762795,74.7893397756087,8,0
1205,salem,83.333596615394,61.117643907401586,228.16459677983534,42.58315910341989,19,0
1206,tenkasi,106.13167094808931,75.38448170808874,228.85049068508158,101.8984041617203,13,0
1207,trichy,63.93551421771733,99.63017865738931,215.17768576322692,69.75446932995648,7,1
1208,salem,88.12957864731209,68.97148732571199,241.51665583047475,75.67855775209443,13,0
1209,madurai,109.52359783750525,60.73992248692265,228.97896941108561,58.45991120545594,6,0
1210,tenkasi,90.01418786852466,70.8367047783147,230.37553076660564,43.462448812659545,3,0
1211,tenkasi,97.19839423300155,54.52078712694173,234.00641638339837,57.91940229050458,6,0
1212,salem,84.12003662654888,95.81951558287099,222.1192374609633,74.38408375267177,3,0
1213,salem,54.56589072457699,62.70106556543972,234.56355973132696,83.46857625507387,13,0
1214,trichy,109.64779634017715,55.906000196617306,226.32925353981818,73.2358308120544,13,0
1215,coimbatore,152.64799214941723,47.464664924699456,221.03414459352808,76.934480324839,13,0
1216,salem,100.55204892350315,76.45830287409657,235.734474933554,63.25947250637247,1,0
1217,salem,106.75792351742649,73.00781119241609,244.91673858801806,79.92497132490857,8,1
1218,madurai,120.78168265350578,52.539684428788604,237.24829373485832,99.65665732771814,5,0
1219,tenkasi,61.92008510359903,68.64677017683634,239.2297756514043,84.09578884877973,20,0
1220,coimbatore,151.07543974388818,37.37166047680715,224.79369393437702,86.1908377650588,17,1
1221,madurai,106.06986389268405,62.774558626097345,214.02380270831543,75.88032798613261,9,0
1222,trichy,148.95570697267328,66.79134528115041,244.9013752209984,39.936898608007965,13,1
1223,trichy,78.00901013428032,85.60994714338834,250.5451488940476,49.106669387375135,13,0
1224,salem,154.54185767673474,48.43771795906966,245.4280677376968,79.09751601327687,5,0
1225,salem,123.25466482104349,40.824710567965134,226.6421406102025,69.78121896079828,14,0
1226,trichy,116.59120257557075,46.56858058612438,218.45365661271157,78.79685772945656,11,0
1227,salem,107.02073363059444,39.9514724952762,219.34317302180435,103.52846835688146,14,0
1228,coimbatore,92.54414145776651,80.04986036638475,213.1626743238595,84.52071998458668,7,0
1229,salem,136.0159497542162,83.22958942536056,228.92621381589956,95.17772411485643,24,0
1230,tenkasi,104.21079609544141,64.80324866923243,246.05677958082455,71.8936277894146,17,0
1231,salem,40.987908892385434,78.31942418527723,228.58337368127758,53.855686450311204,4,0
1232,madurai,66.48440614878993,62.00937570870353,233.02322900348275,68.84267681571318,10,0
1233,coimbatore,94.42462743421758,58.57332528448851,243.75596964304208,53.90496372561724,10,0
1234,madurai,109.29996949496665,55.004435714193576,225.95904688167602,101.16589913544897,15,0
1235,madurai,98.30234533300313,55.34413512933652,250.35531456719593,85.80782153070939,20,0
1236,tenkasi,136.5691236938099,36.782976655364536,249.92094407497453,80.41024993256559,12,0
1237,coimbatore,41.46694407884125,63.96382145411009,228.68888661319517,94.71886404456207,9,0
1238,coimbatore,104.3076380951548,59.39499134678935,224.22465735980788,29.598871709535494,3,0
1239,coimbatore,45.46062323838536,71.18041086116814,236.97238046390314,81.76275902685319,15,0
1240,coimbatore,122.79136886452505,61.402852446579146,226.5247505748114,43.787084313912544,12,0
1241,coimbatore,97.16623856673992,57.559444476463625,218.43444782932664,69.85488603068677,15,0
1242,tenkasi,112.58829916072355,46.93210454988554,242.8123865352298,63.765848150655714,1,0
1243,salem,74.08351118230702,61.08229855232642,242.1644738727708,83.23473224193896,15,0
1244,madurai,138.38394794973254,71.07355846224243,231.5551160376356,74.5637457792191,11,1
1245,coimbatore,131.25173992176553,42.84991513374209,217.37135246271822,96.90234347223577,5,0
1246,salem,117.50632909035663,61.31210630521109,217.70473748782615,57.96205678134773,7,0
1247,salem,96.11448259409677,63.49564427294226,231.07229288419154,84.18228779266568,12,0
1248,madurai,117.39571855885396,49.229028245726035,225.0012896549497,73.24446433797664,20,0
1249,tenkasi,78.79322296037954,51.18215542637999,226.5890706785839,37.29419459856895,6,0
1250,trichy,125.66666977062135,63.459162731493215,240.21963155060004,51.62767082953935,22,1
1251,trichy,149.48442682971762,42.99868472561066,237.33179317422557,67.00243932955664,3,0
1252,salem,132.11831679937558,65.24885572874089,243.78142680497612,92.24584899783456,10,0
1253,madurai,78.11192590577771,46.569684395112,220.09376776622742,79.27446115114229,21,0
1254,trichy,110.84251951819309,75.94280539549824,226.56808431313289,46.64998352238571,22,1
1255,salem,61.205753687240566,95.0674161808245,237.58981695460113,67.1936754390568,4,0
1256,tenkasi,117.17170933527026,47.08864797447271,234.4807834101289,110.3561289758606,13,0
1257,trichy,113.51810238587616,68.01311793562012,245.3238038258762,72.22446669681716,19,1
1258,salem,43.90550981403508,49.09887142676971,234.2053670590407,63.45348849855208,5,0
1259,salem,65.14648468262908,75.61431260696685,248.48109104105552,79.83479281512442,23,0
1260,coimbatore,91.50583309768699,41.021123863721776,235.4001780172314,85.2678615916394,22,0
1261,tenkasi,90.97420758577522,67.20880137641569,240.6216744758866,60.87663305039882,18,0
1262,coimbatore,63.71569193743584,46.905165496659706,226.76485053215544,80.05149548742874,1,0
1263,madurai,111.66936188056552,56.89523116352447,230.1428721188399,63.422210066583816,21,0
1264,coimbatore,107.54420826821536,44.5346208727904,239.10944403839474,84.38655203658877,21,0
1265,coimbatore,94.17192604064442,72.3352570634363,246.12978170593055,73.39386315942568,16,0
1266,trichy,77.32625499524912,47.445294683406196,237.29236949310754,79.63935654105785,16,0
1267,salem,131.4612137924969,68.27946388997742,229.1682822806538,54.816329076649914,16,1
1268,tenkasi,149.66221339264885,54.83852957606501,243.77335029528342,53.57427231854281,22,1
1269,coimbatore,85.49315548460389,58.282914423017054,208.0802134372012,88.9099460931879,19,0
1270,tenkasi,81.63499248535538,62.21633861100193,215.77765498493127,68.41207237229013,16,0
1271,coimbatore,114.73622996235989,48.57262992511727,236.81634223668388,75.70069484198723,1,0
1272,madurai,89.25911860759041,63.1555067031133,230.14108356253124,63.87209145826961,20,0
1273,coimbatore,95.81808398010297,82.95501846531616,236.05513651124164,87.97453548027288,20,0
1274,trichy,122.18959455174014,48.328578212509285,230.6440752243194,57.843800399406845,10,0
1275,salem,42.71931737478121,77.57715214910768,235.70945694603873,67.28797520198235,2,0
1276,madurai,139.54906974558008,82.47146450231676,221.85597179006808,85.71985625406263,14,1
1277,coimbatore,102.18041572988024,47.75767516457934,235.7048608607969,93.45935398328533,8,0
1278,tenkasi,87.6552056631346,38.17418092364172,239.94414528207585,59.52481417946633,6,0
1279,madurai,97.32297537335653,64.52941350257647,242.20550603931233,109.19367963911766,3,0
1280,madurai,98.87288065061556,51.788887158496905,250.135542946487,76.26483387387233,16,0
1281,coimbatore,48.06396089665224,88.02904828744504,232.44098443502386,49.141434763825245,17,0
1282,madurai,144.84814682359706,60.52211310749748,232.73911086847178,77.38104097179937,12,1
1283,tenkasi,101.23976896811855,47.96700887947231,214.76827535826152,62.340015710330846,19,0
1284,madurai,113.29006391342125,42.792607334824325,224.68588598861575,78.68136974366354,24,0
1285,tenkasi,128.54649311722127,76.34857438636246,228.06917925993386,69.14287504679324,20,1
1286,coimbatore,69.365126273191,51.4322403887372,240.50319552276355,71.48547380380289,3,0
1287,salem,114.20415697105685,60.65743199190642,223.88998875910372,51.76813246827708,13,1
1288,madurai,91.97076727303619,74.33704117668721,237.9634001974883,89.8012246143272,16,0
1289,salem,125.40312325649481,52.73612472103755,229.9837828303662,46.87745265697936,11,0
1290,tenkasi,36.18317738945514,59.31106756889759,228.22831884885238,47.82470209190009,20,0
1291,madurai,97.02717099276192,59.7514738526622,232.48893969133258,77.34720698294973,16,0
1292,trichy,81.91538032648116,70.24986767274137,226.08843627747157,102.0568849435594,20,0
1293,salem,112.96788851902467,68.86116503265488,225.70962751907334,62.948138058711855,2,0
1294,madurai,114.10132562104606,56.698294031177575,212.95214094209885,84.01944645407931,4,0
1295,salem,78.77122315533921,60.95473592244777,227.5204579267211,91.4668035372709,4,0
1296,madurai,78.6347840747187,54.42331482714767,225.20031853851273,86.29368874588138,17,0
1297,coimbatore,96.68003894328012,37.83581389620833,224.8401901065092,63.77583421652637,1,0
1298,salem,73.10073318054376,63.86401286097194,234.1687306259004,48.17906565611851,1,0
1299,trichy,125.2595108635638,88.38287641249602,236.5863195279051,25.8490486865729,5,1
1300,trichy,88.92378398657661,46.744212889634056,232.32194504642328,64.74319001075213,22,0
1301,tenkasi,12.790353420350755,48.404554355959455,239.95415190449475,93.56174737124348,12,0
1302,madurai,88.75533830134582,46.93908342534388,235.75561925830365,47.51668030476132,6,0
1303,salem,68.84368537468083,70.86887668084684,227.04943810194357,84.0041969503753,6,0
1304,tenkasi,51.061725536171636,66.7272818129466,225.3714371428562,50.996949398962556,17,0
1305,salem,62.877200853322826,57.62193461375315,233.12822236766846,72.12145152773677,22,0
1306,madurai,103.2822541549891,46.22971407541553,235.737671099019,84.15583228310035,13,0
1307,trichy,139.85922484744694,61.385651874598864,243.978443070315,56.81009126323144,8,0
1308,coimbatore,109.3955342159494,36.53066808996294,241.91173044940095,73.40969361393829,24,0
1309,trichy,81.80489835352782,62.1513985028624,224.5852699349283,61.69817326549342,12,0
1310,tenkasi,113.67712585512108,73.07286579131902,228.97993719872738,84.10297317876353,15,0
1311,coimbatore,86.22729069343025,41.232012950494834,236.7101780491777,74.70634336969275,19,0
1312,tenkasi,79.16198892510566,37.012225847555044,240.67997778058972,71.13015348858535,21,0
1313,madurai,65.36911995301047,83.69156837542289,239.38969468704792,101.16699920283955,20,0
1314,coimbatore,47.44513579744842,50.82360540743123,229.36122167168654,83.24612284736604,17,0
1315,tenkasi,88.30228880321664,77.03921768915733,217.45977347571483,56.19296267747422,9,0
1316,madurai,104.74160469760396,57.690035022032525,220.01063623754408,68.28272198404477,21,0
1317,trichy,97.10128989955331,57.57067774588009,232.72633514319415,68.48202429840678,18,0
1318,madurai,87.52099216157924,66.57619049244968,233.42225579424345,71.60639145250424,2,0
1319,salem,71.62761817909657,46.74001714880339,219.01320626565615,120.4901855321499,11,0
1320,madurai,118.24738575054906,61.987457152434686,230.44569610889272,77.41703785421994,23,1
1321,madurai,60.486042401602454,54.27765877763861,236.31224356971782,29.28194859790448,20,0
1322,salem,123.28083741530426,40.19259834892453,218.48773342492856,59.144020565660696,17,0
1323,tenkasi,69.93348943219826,65.06223112089599,241.04997201804414,31.35255825008383,21,0
1324,tenkasi,77.42694287940895,56.05038289683126,226.22468851440175,63.404034859083204,18,0
1325,madurai,55.99644428152969,57.64462757332938,242.57613112576652,30.25379540547143,15,0
1326,salem,84.9579355934309,41.84758584878763,224.66547554224098,52.568190578631445,7,0
1327,salem,129.25937375433938,83.87100551644207,219.7337451711582,39.58556940731761,16,1
1328,trichy,115.46884265331869,73.15071279579175,225.4186301015828,77.68320355934955,1,0
1329,tenkasi,129.35266336084106,74.46233826257968,229.0485187692268,70.01078725257757,18,1
1330,coimbatore,115.66427637801807,55.41832946337477,226.11520093228518,76.05924614997463,22,0
1331,tenkasi,66.88990514408891,34.0622566574487,227.83998578426886,67.90897222862947,8,0
1332,tenkasi,90.07632327017328,89.29376073734267,233.33965149676192,42.11404499591164,7,0
1333,trichy,76.59402612647612,59.08353737991198,228.288206302036,80.2704273850947,2,0
1334,coimbatore,139.91724712117121,48.7680030596992,229.33887606047992,108.44449120538906,12,0
1335,trichy,64.09634060721066,66.2520236172467,212.90773600797405,78.18425157213093,16,0
1336,coimbatore,126.81093068167333,77.50681182004946,233.9169801601047,61.48150801364868,9,0
1337,madurai,126.78861610326308,59.65424165871801,229.10796702308332,41.4386564778911,20,1
1338,coimbatore,154.8886060514826,79.17862751909061,246.1029298048287,51.83866058480069,11,1
1339,trichy,87.70940222111508,76.24499907775302,220.60434832746043,79.06079313144119,15,0
1340,tenkasi,121.36966478740486,43.85428218896912,211.91704671500486,91.4623605359875,3,0
1341,coimbatore,168.44955509616528,49.89314841510785,236.18068493930042,75.21732349443951,23,1
1342,coimbatore,81.4707496919891,74.36305744919652,233.46527018313,85.99774579411967,21,0
1343,salem,53.94879257402921,19.31081154284343,219.91566979468854,84.15356488054486,13,0
1344,tenkasi,43.59969898276709,57.75816460252517,214.70251044995908,80.13068782771835,21,0
1345,madurai,121.38136086583994,38.53753197562992,245.3739673068429,56.83052809477488,13,0
1346,trichy,43.50549375824249,52.85169297849713,244.14110390606783,73.47847023950305,2,0
1347,madurai,88.83042841186231,55.51769866456194,205.12543241293872,53.03244392235723,6,0
1348,tenkasi,113.11939561116883,54.62633433138738,225.41776970743499,70.34857905916203,6,0
1349,coimbatore,105.55526610489743,51.71608121831087,246.641920547839,76.61727062133824,12,0
1350,coimbatore,112.76334592552517,43.54284525556779,225.23937442222132,103.5756761477371,4,0
1351,tenkasi,106.66869567402563,94.37866900228029,225.09387765973347,43.805360512647354,5,1
1352,coimbatore,138.3659743994018,88.01193006242026,227.17240672370633,79.6301526198261,23,1
1353,coimbatore,71.4305085778361,42.56901269615575,218.7910302623184,99.6247318324719,8,0
1354,coimbatore,79.69014584624406,83.73175126955351,212.95224255771956,85.17695531677593,6,0
1355,trichy,76.82021664187528,54.008017642907205,240.5254731073475,86.65890885650083,21,0
1356,trichy,124.9057543558783,61.93781209997566,211.57063093752325,81.75389803735624,3,0
1357,salem,127.0119576518519,59.050890601546264,232.47271452108757,95.96668979550833,23,1
1358,madurai,113.53675957955525,50.103770381190515,238.8657949275765,48.25043663775264,8,0
1359,tenkasi,135.50481000669782,74.7577851540922,215.4877370109884,42.281466680595074,19,1
1360,tenkasi,64.65877397870858,61.888297958649865,220.75731597404928,69.87331719069488,21,0
1361,tenkasi,150.01672334653412,52.85172865171138,242.1317918839159,26.7767579285658,11,1
1362,salem,145.69715865136774,40.431158342992916,235.3289172022704,94.61291608356022,18,0
1363,trichy,122.0686599173724,46.596074794213195,223.82714293121114,94.41430390990882,10,0
1364,salem,153.4539672631318,35.37929826596854,242.02249003361172,61.33298889830948,20,1
1365,tenkasi,50.30130376966679,60.183353226227545,242.06535723454303,62.584588066789806,12,0
1366,madurai,84.26655591212045,42.05001611573407,232.69052693015706,68.55305049698657,20,0
1367,coimbatore,77.94089617954143,56.01659231222188,220.99839772126336,71.0404130087924,8,0
1368,trichy,121.6443797127203,80.55152780415557,225.86551296528205,72.54347838388571,19,1
1369,trichy,68.49577781193562,77.98949359382378,232.8638674395539,81.16464213756606,21,0
1370,salem,122.72485448012456,59.51584658846073,228.11405170852512,66.54747293983044,16,0
1371,trichy,141.1160843199014,58.693729107852754,239.38957178234853,88.86386606955588,21,0
1372,tenkasi,120.85608700251998,88.19811824131511,214.70225919890663,78.91895554250607,18,1
1373,tenkasi,108.51253070984504,67.81134180538066,215.0573647093376,57.86073108254729,9,0
1374,salem,70.36379977297753,55.08290310185215,231.80871111482432,96.70225335608194,4,0
1375,tenkasi,74.59447101623905,38.60972824319322,225.08455586193097,42.83486027755026,9,0
1376,madurai,137.4885671589,65.90809827247115,223.72951385302258,68.15668378357047,2,0
1377,salem,123.38047011715997,72.43985658874294,212.31943280825604,89.33834802150936,9,1
1378,madurai,98.82941441867368,50.52522713229534,230.19545844798182,55.53853790175711,9,0
1379,coimbatore,87.46271362702328,64.36804132707049,229.47244891999233,76.19111293534303,18,0
1380,madurai,39.22576380665869,54.546400576274564,236.5347898195174,80.86679193998096,11,0
1381,coimbatore,67.87442743946684,57.23951401201496,230.68906133120973,52.78952264037522,13,0
1382,coimbatore,157.3425726141917,22.682669136565032,228.67395921759504,68.5504456081193,6,0
1383,madurai,61.586332869926,56.673278944257966,241.77000636790336,66.8699233958158,9,0
1384,salem,105.68439463663242,74.54053953612082,216.8753269655145,58.96524296335414,16,1
1385,tenkasi,130.22331919585596,50.52896166650163,235.36389218847577,116.0334970410155,4,0
1386,tenkasi,62.35231995993123,60.78789552322974,213.2885283520465,54.737872931090486,2,0
1387,coimbatore,105.5413142434325,48.66073939962119,221.61638119999193,90.09860588135766,7,0
1388,coimbatore,128.13746612531966,65.4066251443916,217.87342867376685,62.14397966237716,15,0
1389,salem,100.37497965721751,56.7521520369574,237.81942535451918,48.26727622229436,6,0
1390,trichy,186.05209167000305,45.9113768897699,229.34589766404605,72.05628486310138,11,1
1391,madurai,49.94202223365414,79.98827201497691,229.86496755407023,82.98186768775001,20,0
1392,coimbatore,131.76185589651635,73.93398020298322,218.9326701227055,88.41019150131358,17,0
1393,tenkasi,94.81594787810607,50.926398541077376,227.00306504067112,101.24530221310138,4,0
1394,salem,123.15760464510025,67.46682464126665,222.36534696690887,128.90492579870198,19,0
1395,madurai,113.23921455097738,68.06118004230571,233.83455014854215,75.01028407511194,7,0
1396,salem,78.00531408670011,69.63451852516764,220.08908864668388,56.73815652349224,11,0
1397,madurai,106.86989177378021,34.58616156007383,243.29794365205075,79.05748653589782,13,0
1398,madurai,44.262956458051384,75.09909811548943,213.24419550375904,64.67574099187017,21,0
1399,coimbatore,118.09742501714182,51.45451555611403,221.9348016754344,88.51932259704459,3,0
1400,salem,108.94475397971577,54.632580998380995,246.77200509966096,44.056714072685565,14,0
1401,salem,119.15980505929306,99.568226283903,225.64861252037966,117.36669084800874,2,0
1402,tenkasi,131.7435497526145,64.52810071081518,216.85121335595588,87.12096189551025,18,0
1403,tenkasi,111.02859520629133,54.20516286829237,232.1907156253767,36.319919644076705,5,1
1404,coimbatore,104.44268259394829,26.920584408661412,225.24607757785458,55.819421953700555,13,0
1405,coimbatore,73.56794990016124,80.84646200919533,221.64129744381694,86.32162088227878,13,0
1406,trichy,78.63337709052847,39.82185493787097,219.04129189201282,93.52688112342909,24,0
1407,tenkasi,135.60203860531993,44.94841644750745,257.6837360562594,44.555247455360735,24,1
1408,madurai,143.09006217117934,55.02971551368226,227.48448099815863,84.26051700865898,14,0
1409,salem,92.85668691063837,81.24617687550439,210.74432639667123,31.053202546761533,12,1
1410,coimbatore,101.38008241759822,71.59859979998639,244.93709759005534,68.21328269057908,21,1
1411,salem,72.86156875018702,57.6324373523961,236.11070905110572,92.24093684206413,13,0
1412,salem,135.18270535802336,64.62438095458232,222.33533568980212,58.96968539794039,18,0
1413,trichy,119.96250471075336,50.99421460693341,220.6688091131386,39.861554017239726,13,1
1414,tenkasi,158.23652309391247,62.09480534348026,236.7347279615823,72.92429592755119,4,1
1415,coimbatore,73.65030768460784,61.10005117167205,227.53081672510547,57.90562266729044,23,0
1416,salem,88.65976302945349,74.5315484352203,210.74022181554898,82.59116732131672,22,0
1417,coimbatore,106.94337767576717,74.50767183658424,247.8723996460467,52.29347135563879,10,0
1418,madurai,119.39468613177311,67.40966073308468,225.66009537784043,54.547262206937994,23,1
1419,trichy,93.52997087357103,54.56478663680846,244.95571736482427,29.579953582475127,5,0
1420,madurai,73.81116728638898,71.12733441585189,242.78434957965715,73.39889422102965,18,0
1421,coimbatore,126.44222586770714,58.6204730069543,219.98990455517185,66.78190123446802,8,0
1422,coimbatore,121.63406087636744,43.771284469303005,240.3318986436315,46.232306585198586,14,1
1423,tenkasi,72.51177698308825,53.95068312133592,223.48557450136317,73.87597427534185,2,0
1424,salem,140.66328403316487,61.26790475676487,211.3329941319606,90.54140601288279,8,0
1425,salem,135.1059612758981,73.65323675497118,225.75401833977858,65.688641131621,16,0
1426,madurai,104.02889491743379,57.24707741764271,233.9763750177628,75.36333899643948,7,0
1427,trichy,102.38793587128109,41.862019331405904,225.37263352003663,75.46622499170329,3,0
1428,salem,116.62173313347722,60.85112524945229,226.929516590749,45.913403456420795,4,0
1429,tenkasi,74.14890789231225,61.701840600848286,241.43566044928613,111.13171641415192,7,0
1430,madurai,100.90094437492246,62.7875644335413,231.0649398029009,60.58300339755432,4,0
1431,madurai,35.42849366172459,73.79807273931645,221.5670168871505,83.12232403720542,9,0
1432,tenkasi,126.29366936508806,75.28384860134848,237.02030323667327,85.384305544581,23,1
1433,trichy,53.15520332674422,51.086836914275,231.97675566954246,67.20809745768497,17,0
1434,tenkasi,145.10259485286997,50.75784812926585,204.78395198537956,82.1359005011927,17,1
1435,trichy,90.0963971810065,44.397019335667906,234.28352913771448,74.91638443632779,20,0
1436,tenkasi,93.6499905420647,70.48223505420714,233.918287077161,41.64720485545188,14,0
1437,tenkasi,81.16798281746483,81.73230162506573,230.2012112958086,63.35454597499823,14,0
1438,coimbatore,91.35883378233771,55.27377108136615,238.91700581069574,57.74898195291876,13,0
1439,madurai,142.5559403544411,56.3785415291251,223.27606415673498,60.76509917307746,4,1
1440,tenkasi,25.365740303947618,82.00173835348464,233.36499788820902,43.91993644326725,13,0
1441,tenkasi,138.30896158264562,67.58336779822511,214.33040628832646,92.5286743349206,21,1
1442,salem,110.14070443305124,66.54353557201583,234.07090383398833,102.03985309226826,17,0
1443,madurai,63.78935056428353,42.1362524103941,249.53059695539895,89.56005951996818,15,0
1444,salem,67.74062820852286,70.18092103919129,220.05143647532458,95.41058448294285,18,0
1445,madurai,150.29179081624608,46.06295489235363,222.40197868012226,63.107303259836875,11,0
1446,salem,71.63479360171806,42.98969721097563,222.89984557108448,57.27486330027927,4,0
1447,tenkasi,65.39948468212123,54.79842634849932,231.29998225801594,54.428259063765765,20,0
1448,tenkasi,134.1194362709419,51.21310914826965,219.3696372714628,82.88129845914446,11,0
1449,coimbatore,110.15658628857743,56.67600458422441,234.2124737869098,74.541261062883,10,0
1450,salem,71.86223270390803,38.38527548212622,238.46839945469165,68.45556576803149,22,0
1451,trichy,106.49874926213857,74.38224459701509,235.34347213453785,95.90297088390686,13,0
1452,coimbatore,69.22741949079168,76.91529441774644,212.31584574361926,78.09882707630686,22,0
1453,salem,133.02464195267817,30.789862887887786,239.95167665158607,53.2268472495883,8,1
1454,salem,131.841128946194,74.67686708499825,239.3736741425368,56.38182341728611,13,1
1455,coimbatore,115.9601859646583,47.84207055267561,238.30161372346305,83.6398659850829,9,0
1456,tenkasi,110.8498318374105,72.8546330547418,233.72842248655826,90.83465705309195,1,0
1457,salem,152.83564374602122,58.97330261000376,232.20189314205132,81.0336046451194,1,0
1458,tenkasi,99.99058982164676,60.43163346121498,240.32389398126398,107.93777495744163,15,0
1459,coimbatore,64.54377623737597,57.22353525868172,249.23513487603455,102.70014331462838,22,0
1460,tenkasi,113.48421738496921,78.18193806350229,220.4695953663515,78.82071669701526,4,0
1461,madurai,162.5814114861134,41.40617981212458,240.7812539579477,53.228386810369955,20,1
1462,trichy,69.55721520442444,69.11760508102513,229.13782901992548,43.80024976536465,1,0
1463,salem,89.15611699918043,76.51995247334325,228.70326947971398,62.252365099705706,12,0
1464,trichy,112.49338114304358,70.74510120810616,214.6346930961796,85.06426892832314,11,0
1465,tenkasi,98.38285452982782,94.87048371485126,227.15210590484605,106.53294158623876,19,0
1466,salem,70.53089258868056,52.06579855912952,220.02735042031586,78.348940688216,15,0
1467,tenkasi,133.6557356869141,74.35957233890296,225.36145570494054,93.37445588462472,21,0
1468,madurai,169.60122166051778,58.4086404698787,219.0181361622185,65.09385027624396,10,1
1469,coimbatore,105.88394377071722,78.50109114529005,225.51091612686994,82.455382504551,1,1
1470,salem,72.87795130792,59.88466506417946,225.93889642976598,86.46713658954346,24,0
1471,madurai,53.531184248395746,54.181863272062955,230.967549184388,30.408114482949436,3,0
1472,madurai,107.73927943663543,79.59108305807443,213.8525013770867,61.7312239524698,14,0
1473,salem,133.11632029948774,52.62657091471605,215.54481852254676,88.99400768555739,15,0
1474,tenkasi,114.25503239486144,38.80911361649166,233.61914270730526,75.4893667127313,1,0
1475,madurai,99.92788477243438,52.24729675239257,222.02561882929902,46.06969903698134,10,0
1476,trichy,82.32185044632081,69.28549419882799,240.7452979022993,21.397552485452877,22,1
1477,madurai,67.23509101845731,80.88058127380637,232.25269722015048,62.684385093959875,1,0
1478,tenkasi,125.04253978974646,61.66694062944768,236.06762150206407,68.56828614212242,15,0
1479,tenkasi,127.41314864156757,79.77295600851038,244.10692320420895,52.32154100343309,3,0
1480,trichy,53.628106399278,39.6273761778361,226.90289188193427,72.86169874055989,21,0
1481,madurai,147.6951693454205,53.35104802773146,224.25513294583723,80.12773494465789,20,1
1482,tenkasi,117.22213662682003,55.67137324268848,238.71702585598814,83.41374341452466,23,0
1483,salem,141.98783935437382,58.2816085879122,235.09513563929687,22.881621501353557,22,1
1484,coimbatore,59.73616754544655,61.26141582375295,228.126696901787,43.714298043837594,12,0
1485,coimbatore,59.02527533753683,70.3636643608829,243.91457966955943,63.907547032905285,19,0
1486,coimbatore,95.53092070698109,53.32789742744264,227.87755690160068,81.44346262074927,16,0
1487,madurai,115.08353280685583,62.085430304296885,230.3277363755578,79.78468027100071,8,0
1488,trichy,153.8908246878089,59.32315664513923,230.21222650834258,79.43739895753352,24,1
1489,tenkasi,121.18236741445395,46.11165144163275,220.65406105101528,62.331641160621366,14,0
1490,salem,92.719561695639,58.29499966377847,230.7758538948639,63.44733125380078,18,0
1491,salem,69.20892377002323,57.84510705154323,243.9676017739849,55.433414631565185,23,0
1492,madurai,136.9000171815745,57.523791524954305,234.44968315376175,85.36388256211696,1,0
1493,coimbatore,71.05883722747856,60.47639184872176,230.31063426398933,51.59022424520843,2,0
1494,madurai,148.85405664316966,61.13510310920079,228.3823271883433,87.0007279037914,24,1
1495,trichy,91.46846051180472,53.515572313390045,233.3086702840635,74.15706476275292,12,0
1496,trichy,147.71746217853553,79.09072100956897,237.49766628489186,69.09911043089693,17,1
1497,tenkasi,120.36793870177834,42.45779056195475,236.09238830889754,56.86579200447067,2,0
1498,tenkasi,95.89013531672626,49.185448372951555,226.68135138178022,42.88916277671747,17,0
1499,trichy,84.4181088452162,101.69945436335334,233.24781594110115,57.046944872439084,21,1
1500,trichy,89.77276367961761,44.43012967516155,234.7993974114828,63.39986262750227,7,0
1501,trichy,112.84950077125713,39.693679879353624,219.92805012473022,22.619513768374972,6,0
1502,madurai,102.3146948865315,71.01715117501827,231.68230541183695,66.05289689330671,6,1
1503,trichy,82.18565775793884,28.84320219339189,208.38696113697637,88.48714736052011,22,0
1504,salem,95.03105769047103,56.47089135041342,234.82533709821186,81.34435810867745,8,0
1505,coimbatore,102.3573108915745,92.18737387614732,236.60343054562682,60.07588248516985,5,0
1506,trichy,36.13797716755564,36.82596116769899,237.4754612578646,70.93872596830455,15,0
1507,coimbatore,113.74504344366096,30.2705327139193,226.04953147830432,58.876708611560005,7,0
1508,madurai,70.6083632584958,37.512281970634525,233.09046835024034,72.97521466671392,3,0
1509,coimbatore,65.40002790382765,73.47539352520478,244.23953845541166,100.80215647488063,10,0
1510,madurai,49.37966958667869,76.87165079978719,244.1376964829126,89.36997605249752,3,0
1511,salem,46.18322506396329,52.31116804532237,229.7082730077344,80.41588611385505,14,0
1512,madurai,59.33657490663132,70.24818606001604,231.3931963072956,60.142301752325636,22,1
1513,madurai,78.72937127108528,80.85382991267984,241.10911144734433,84.99876785889677,3,0
1514,tenkasi,158.59777412579706,86.81019621644738,214.99197984737825,36.26246097253894,1,1
1515,trichy,84.22360972314388,56.30497078230228,226.76924257322975,64.9529303601822,1,0
1516,trichy,105.33250318804095,25.477924234950194,243.35570455536757,81.674228396479,19,0
1517,salem,112.01444159518987,47.6868161638547,239.75200541684765,84.80842428095502,4,0
1518,salem,103.93195558647547,53.59793707597114,233.69263777649905,83.39768980431482,2,0
1519,trichy,97.6766961782202,56.115918051324144,214.9416759466938,75.89661378419389,11,0
1520,tenkasi,64.14118709202266,57.18210898486921,229.50089766958837,66.08550041832234,24,0
1521,trichy,143.52782644837635,76.78341896896004,224.10084603750067,80.75951939652978,12,1
1522,tenkasi,154.21589930913655,79.11642640031371,233.31038902817212,50.94277918827399,13,1
1523,salem,49.52023917631943,57.42489519112825,221.9065331520512,53.106454734135,16,0
1524,coimbatore,69.27914227340861,76.47727314077727,219.74276605025392,71.23469352920594,16,0
1525,salem,91.60568972868981,65.36492049946634,209.3513472231636,73.46395285417495,19,0
1526,salem,71.06386615269426,60.96758959293857,242.218046849767,33.487696428707075,23,1
1527,madurai,115.17896660367596,73.59816235664945,226.00229488556943,79.10292761899038,20,1
1528,madurai,78.1518339278016,61.08378072356874,231.57145783702535,85.45456755838786,21,0
1529,madurai,164.9516820341981,90.86716765646644,229.9776188352582,68.4542952506741,20,1
1530,madurai,135.7164578303079,38.42383249808161,219.325660670395,117.48932566567984,9,0
1531,tenkasi,106.37722091896644,52.27243651361974,217.40935088551805,56.34129787369628,16,0
1532,trichy,130.80958789959197,58.102216545690744,219.94684874002763,62.77825673226261,7,1
1533,coimbatore,133.17701273071927,66.59179035686986,222.76831561170607,62.09866187745581,13,1
1534,salem,83.0815753582527,79.01940730654633,233.66606247013806,68.47624777417965,4,0
1535,tenkasi,75.51348266374106,59.63402149145765,222.0428233647939,63.42550374067418,13,0
1536,coimbatore,102.34429188908942,38.66655525740689,247.46490631594622,41.86378910790256,8,0
1537,tenkasi,125.84908373493832,72.63770844682506,240.27151035893152,59.069034075270494,2,0
1538,tenkasi,104.17181195960254,71.32438149212946,238.0835954966571,68.04758608451849,7,0
1539,salem,52.69010553427008,30.87212010930891,228.8034109752685,94.57144164123994,11,0
1540,trichy,75.91526668147473,59.942937994938006,245.14280735720484,114.04486546745827,17,0
1541,madurai,97.78081409216865,36.14787253979553,227.81994368878875,96.70947795701309,24,0
1542,trichy,97.73003187022509,50.03023353746906,229.68738585845753,54.49241940654787,14,0
1543,salem,159.17626530369424,46.457866095558,231.6997453974927,56.08380778747669,13,1
1544,salem,58.42036172803006,72.13897047362978,237.01823040543343,66.81342844981297,15,0
1545,salem,115.16767725507624,61.75245261258276,236.36908079002984,105.69117777707172,22,0
1546,coimbatore,144.6733932498487,40.71613498865959,225.24874721555398,66.69151895636213,21,1
1547,trichy,168.14349236268387,73.20098944436013,224.67006280574046,43.449850189251386,9,1
1548,trichy,87.86807730448116,38.49291264107379,236.39902957152086,59.9764572609393,3,0
1549,tenkasi,114.742883581606,64.95170685706415,237.15236583891232,85.14112003638834,13,0
1550,tenkasi,117.09281071595942,47.789839960626665,226.06648875177126,83.79880553792174,13,0
1551,tenkasi,105.86445194659872,54.514843762042204,214.12811930321547,65.99566667016688,9,0
1552,salem,97.03464396282082,67.56406122057577,227.92683903991755,83.66829347120061,18,0
1553,trichy,113.07926168500137,67.82174098589293,236.23525798825858,24.536555949063363,5,1
1554,salem,24.032617443409436,80.0545361033394,248.0541684641978,72.07658470065395,11,0
1555,coimbatore,120.46208470187894,58.7661945049282,218.0204203765934,87.21370842737261,2,0
1556,tenkasi,103.78533710985901,64.5967629444501,225.73428747169427,53.3427344969093,17,1
1557,salem,93.32575309665204,53.433940163935134,226.10596438474624,53.27322927007424,23,0
1558,salem,161.40586587158674,62.72984823934196,243.558053394315,32.671036944730496,20,1
1559,coimbatore,79.75197943628343,66.59229072012768,229.65058499541368,101.79791189621389,21,0
1560,madurai,87.90772032804908,58.52535228818436,220.92673440627735,55.596920459568665,4,0
1561,trichy,159.746599066142,32.943742738612556,235.5869528292182,74.82086555724223,22,0
1562,madurai,75.0381608545043,64.97206344496342,225.95361479959053,82.0783408296675,18,0
1563,tenkasi,83.49654151190383,65.46842216033185,217.75612726642046,100.24135898282907,24,0
1564,salem,95.5892372970745,49.79739785478074,221.0722669272385,66.9220445202873,20,0
1565,coimbatore,125.22203446388647,40.734194458912285,247.3404195442262,59.211404124431624,8,0
1566,coimbatore,106.23407522059941,82.13818725755948,233.84209221649462,73.46135297141107,19,0
1567,trichy,61.22123958543212,67.37168266341602,231.07760055452542,95.68160553084574,12,0
1568,madurai,84.03494310618431,56.56378453617435,227.50106264187954,66.59654937198432,11,0
1569,trichy,81.77936700363367,42.94450675278769,232.921488421188,50.90261836831847,16,0
1570,salem,97.68336864330863,47.67277757367981,232.80235946002495,39.18484383369275,5,0
1571,trichy,112.77530975889488,79.53885595179347,232.92168828207326,45.57405230789549,3,0
1572,coimbatore,112.54617267663916,62.06492911302069,231.14845090277754,87.2878299481333,12,0
1573,coimbatore,46.71964737854793,51.7411939949894,238.6879833830555,63.58751047386377,15,0
1574,tenkasi,131.91822962682568,67.64533846836984,230.2310434600073,57.84958180158579,16,1
1575,tenkasi,107.5770653798987,47.784027188305146,220.22061164447362,55.680655536321154,13,0
1576,salem,141.5359614278172,82.51264545420568,223.87577109099132,71.70091720400363,7,1
1577,madurai,113.32594981872016,80.29200802345088,210.20981306510288,65.21089812468833,15,0
1578,trichy,133.03968873207288,53.00138893195835,250.26817116042392,64.53735712561495,3,0
1579,salem,113.99635934350381,50.5699462945371,238.62754591952688,96.98647855621479,12,0
1580,tenkasi,140.38677268608245,20.7280020196158,221.69929504870763,100.76032563723267,8,0
1581,trichy,115.66751908053335,37.77628842672948,227.181551506029,37.79956654182007,12,0
1582,tenkasi,97.06254260671288,39.90795337563365,223.63123525793566,76.55185462285915,18,0
1583,trichy,168.17304161340644,62.02785511481079,245.42547211374117,54.46275802757216,3,1
1584,madurai,126.67111366839677,55.10649443337961,215.8012283572907,65.03497772277812,12,0
1585,salem,117.2123326301324,39.81996768877138,231.14476058818778,76.18556770253389,23,0
1586,trichy,61.710867503849926,55.78253936303164,228.91472157435152,65.74560166138161,21,0
1587,coimbatore,61.35077147609387,67.58005721471022,238.26838630709113,74.60919761255266,23,0
1588,coimbatore,108.7814644642556,67.9175902487338,228.95990772275306,83.45940412063835,2,0
1589,trichy,104.36563593304723,31.50494578711678,212.41791123344564,75.89153601080639,14,0
1590,trichy,81.57632304975051,58.076047792742536,227.4888216535756,57.06327391664753,14,0
1591,trichy,104.2294809883618,39.249888345425845,220.27837782056676,57.416007860593524,4,0
1592,coimbatore,147.65880784130786,73.52593045710411,230.79579546556562,41.20589406763929,17,1
1593,coimbatore,120.86207423650896,71.76219624530248,244.34177036520327,52.921594049585636,15,1
1594,trichy,65.76974470741786,46.52959160513312,212.6057475576772,109.24136723797056,16,0
1595,tenkasi,96.65473518571169,48.509321963994005,221.99777264600095,54.159928518095114,5,0
1596,tenkasi,75.85100557442317,53.08099424252539,224.47307046216503,46.1324237511236,24,0
1597,madurai,88.36900250774316,26.208099079029914,226.18368904586788,76.39855723689547,17,0
1598,salem,87.59153003111072,65.03952260160865,237.40125664105244,67.7927048141628,23,0
1599,tenkasi,85.67063252187984,55.907331804898035,228.26455582438612,66.08813526301549,7,0
1600,coimbatore,62.345938840798155,74.55262623851789,234.15802725720445,98.1809193282418,23,0
1601,tenkasi,96.1703595544543,43.523861730561705,223.74226956268222,80.9825335111673,15,0
1602,madurai,83.1817708945807,50.71315577625103,232.29924345417936,59.400141365930494,17,0
1603,madurai,12.116539299931958,37.402121129413274,237.77797630877714,61.5104816481644,12,0
1604,salem,161.5891607350499,44.9356415475862,222.6770045026291,59.9482697218863,11,1
1605,tenkasi,132.66308962650015,42.27027005897672,237.81358119806515,87.49479243160513,19,0
1606,coimbatore,88.71097825225011,74.93960518269668,230.52372768727568,63.83704741093725,11,0
1607,coimbatore,100.56457149221795,49.526072268729116,240.45460240482254,34.13692995091699,2,0
1608,trichy,64.85036958047314,61.862635271169204,227.98580099923026,69.03360642531311,15,0
1609,coimbatore,150.87168633432594,54.288548942072936,233.81244655162098,39.259479977441416,5,1
1610,salem,156.91866084319335,40.95802100980781,229.5939376832147,113.68461203509804,18,0
1611,salem,104.70081184739574,57.47549365242536,229.03787737959422,50.68664172305538,21,0
1612,coimbatore,130.70591932556033,68.98654997795393,232.5893042822569,66.76270469284539,21,1
1613,coimbatore,105.25860336801772,41.883609111849715,235.36807469224902,75.16405469402274,16,0
1614,trichy,59.89823683372208,72.13669186097069,217.50435088075994,64.2268367864154,4,0
1615,coimbatore,87.64529893109028,47.254186177834555,244.33633608817877,64.19939197067615,23,0
1616,trichy,103.95783900315871,52.75524110890739,211.403369594502,78.43654572321753,10,0
1617,trichy,86.36356843769667,67.96024684515072,223.15187890261103,100.52431917592557,22,0
1618,coimbatore,93.44040167694892,50.04845764170768,229.057309292351,85.35018163634595,2,0
1619,madurai,97.25801327472657,60.56362289003798,234.12355969085948,99.57027757147085,15,0
1620,madurai,97.57364506403616,55.279637568178615,245.76172527741377,49.06761783812996,4,0
1621,trichy,101.56775471492449,61.94052010055728,211.4170851177489,76.34725266510722,16,0
1622,coimbatore,68.18184800810198,24.28891341714754,224.9230587161029,73.10492104116558,7,0
1623,madurai,78.48951552616191,32.55477277187876,208.73166512200734,77.02182583353469,12,0
1624,coimbatore,61.46247202900092,69.23950509070258,230.31621973910248,97.52463941271145,3,0
1625,coimbatore,129.334466490586,75.55772108473576,232.7168358450003,65.58421700415892,17,1
1626,coimbatore,36.83059174479026,46.34269944702718,245.90795742171252,61.88993266891825,9,0
1627,tenkasi,134.60771029950777,56.33957471743298,231.20634760893455,80.67961594837328,8,0
1628,coimbatore,141.5904819178853,64.42078879353453,240.4402512944238,34.43594544868305,23,1
1629,tenkasi,90.93458239052136,70.39826402488056,235.8383708153906,65.26295901755644,6,0
1630,trichy,21.905887365181044,29.58484092493727,225.64751802994832,67.31604621429094,15,0
1631,madurai,89.16068314098129,46.70939629532434,215.9103925320796,51.59282767386149,10,0
1632,madurai,98.07447516133543,55.011309302251874,232.7500229829181,91.14118022713154,23,0
1633,madurai,69.6820534021326,70.54710295854073,215.07897982854635,48.75519365313431,6,0
1634,madurai,84.54344818575272,97.47645725582242,242.95207072669643,67.28253903272407,15,1
1635,madurai,145.90585596590054,56.57991409785423,228.37937897963175,75.86314450645936,14,1
1636,madurai,119.94781486905222,38.89533806844017,241.95177411511418,97.06903122952237,19,0
1637,madurai,72.263076568657,66.03402115801947,225.19785565867602,69.78887130238293,13,0
1638,trichy,52.07202491213704,79.81493684311064,232.68850786400992,88.72307188256421,14,0
1639,coimbatore,90.18948047170687,61.62021181469251,232.0934885733469,84.01190794554255,3,0
1640,salem,93.59629661948685,46.40027182268561,229.54955881989076,72.46915112338286,4,0
1641,tenkasi,114.88597562089949,74.36990912220028,225.67340486603408,48.20973183453089,14,0
1642,salem,83.94049862297024,69.95318427747652,233.9245601847052,41.308382781913025,14,0
1643,salem,115.34498726085585,44.608787337065635,220.7383673651679,72.13010802838373,8,0
1644,coimbatore,158.05462120180687,65.72138426301512,217.90564671040943,59.14606252194773,10,1
1645,coimbatore,124.46503067332787,74.95898351488309,242.42826893326827,88.38522183362583,9,0
1646,coimbatore,98.55734478007682,77.7283506383834,237.271679888921,84.91713036197154,14,0
1647,madurai,94.50548586840117,59.00326537035816,230.6589160860224,66.307780111259,8,0
1648,trichy,89.29980597460386,54.628808307310216,246.6514238254378,46.84574152117462,11,0
1649,madurai,135.41922737356435,78.40910733121893,227.32234481275154,80.21471099214547,10,1
1650,trichy,81.18059662146092,41.84759245528672,243.2270321998898,49.641011077296994,18,0
1651,trichy,101.35668126999947,66.57868936381509,231.75574084925822,54.8307215413827,4,0
1652,salem,101.53593705643256,39.44960058953356,219.7524924992361,50.41168523569691,4,0
1653,salem,84.94647421565404,75.98064408389405,248.4804019177085,67.22997956120093,12,0
1654,trichy,58.826033563476976,56.129317265832576,239.90710846624086,93.40384668141124,18,0
1655,trichy,109.68923510853004,79.02874853471204,228.78978968990435,69.89918259552942,8,1
1656,madurai,98.1698808443385,67.3711913453329,237.2717125953395,61.13562615144609,3,0
1657,madurai,115.0072140830971,41.65169654907105,225.96296566002093,39.487701399095116,18,1
1658,salem,83.99199080682499,81.36941598115865,238.2914903505954,81.04249169459686,7,0
1659,coimbatore,136.62463896439144,83.26867899641594,206.0892143471604,54.39190788142745,1,1
1660,trichy,73.69678656364465,73.23429738898824,219.80198666305407,72.35035238316193,22,0
1661,madurai,151.36120852053676,48.5761820244567,239.79259744286963,62.91562768166719,13,1
1662,salem,47.57090470515215,55.409790684638864,227.5034446178108,86.76354439198875,3,0
1663,madurai,113.04310193670673,62.18140826108639,232.07542294888742,66.85527215942895,3,0
1664,trichy,114.26292047579871,49.4443440100285,216.53214337884566,68.82147290953897,15,0
1665,trichy,76.13328796177353,85.38519858694806,248.47866995702103,79.71494294910919,21,0
1666,tenkasi,112.73181813583038,62.16489707589055,241.90529643717676,112.13880364526372,19,0
1667,coimbatore,138.38556009280478,19.44977929338964,227.9931478162467,87.7689386071711,4,0
1668,tenkasi,33.49543481937806,65.09033719134331,225.95304143136673,68.22787787302781,13,0
1669,salem,115.08234422472444,54.7776390477403,240.29604361419692,70.06395981230577,13,0
1670,madurai,25.20187539009767,58.876101658223284,249.82470450168927,59.50281079351131,15,0
1671,salem,71.03005589430376,54.47070951321451,239.53760255811355,51.0000859296061,19,0
1672,trichy,148.87499094702835,72.1056962491003,251.71802667396602,58.94498425867356,16,1
1673,tenkasi,82.54653899823838,76.79531667830072,220.77648670938083,54.55702072576115,7,0
1674,tenkasi,64.78360106773081,64.2457974338798,221.80613169501208,83.06736767591771,3,0
1675,tenkasi,94.06186813045954,54.91033219292761,218.1105888194665,48.57610284262028,20,0
1676,salem,162.03719014490656,59.37994192786245,234.41760649649478,96.66421122760089,2,0
1677,trichy,45.049532583819214,60.293994248664426,231.7560354980437,85.0409276723766,18,0
1678,madurai,68.46070265081967,47.963549402027446,228.48048876528014,70.41003458735337,11,0
1679,madurai,144.9229504953888,68.68392972856853,238.092586281233,70.00637222930136,1,1
1680,salem,155.73107030613198,66.900634857907,242.32328605214664,58.85437380770893,16,1
1681,tenkasi,96.89706327129149,83.1066185966501,214.74337590713156,75.40168822695529,17,0
1682,coimbatore,62.828418924200726,78.83024670432712,224.03027972098886,91.76184926417179,16,0
1683,salem,162.87530505427478,49.714876236148044,238.2014359412306,55.93687075488373,10,1
1684,salem,147.8332717524759,72.30447561763447,225.32261316141418,39.33215822162539,17,1
1685,trichy,120.36840963286699,45.73569925358292,222.01793923641847,84.06436509713488,3,0
1686,madurai,75.6279295318774,70.43898151411274,240.18537427650395,76.48731948487601,18,0
1687,salem,98.5291197748589,52.25078701859838,217.1049993027602,47.59602397117641,19,0
1688,salem,95.18919756865508,44.651201649366236,226.98420192208894,55.33217258171764,14,0
1689,tenkasi,109.92553913846733,64.20068014046106,233.2864402580481,52.817914518997185,21,1
1690,tenkasi,143.53004314394008,19.881493077687885,224.2618008608988,55.50935461931502,2,0
1691,coimbatore,126.38251123412209,33.73536638392158,237.83155656013176,63.526344919176246,12,0
1692,trichy,67.67871769045726,57.33762174338575,224.3112302480263,64.66905391438506,11,0
1693,coimbatore,141.29489350058614,61.236626499522636,244.0861949344592,56.9841268986308,17,0
1694,tenkasi,109.39396420039466,54.46021844762717,228.74253702504228,54.836723610001435,6,0
1695,madurai,120.61197387576749,36.30845551923602,236.71270136705354,65.42431312161237,19,0
1696,tenkasi,143.99622577835808,47.73162236792242,237.46023952982816,73.35383069719123,13,0
1697,trichy,66.65259251459347,65.8681399085609,223.72459997255928,63.67406927270311,7,0
1698,tenkasi,98.92523263880611,68.72672655942544,209.46513451344111,93.17334046682603,22,0
1699,trichy,84.05636345922355,59.756653236060885,233.60755754663836,80.16175428841572,11,0
1700,trichy,52.96421723903632,77.35250671555482,230.7228834712487,38.18308286282608,7,0
1701,trichy,110.4012993281476,65.96095535188851,235.55826027575128,80.47455530827708,13,0
1702,trichy,175.3466965475327,48.78816519062681,227.73472527617162,82.11087965171166,13,1
1703,trichy,44.797667664827415,55.79246919882574,225.69572301199284,61.305300637516176,21,0
1704,madurai,99.03158166851588,38.95700764188218,250.084730109817,40.096048253936885,1,0
1705,coimbatore,119.2162880522432,58.37791514412875,215.27645938489223,70.16133518822272,19,0
1706,salem,103.69234604968544,76.68150928832009,237.33950478364238,69.84582697035512,19,1
1707,coimbatore,96.60615842452779,70.27935127066452,224.2539814181661,47.5670752693361,23,1
1708,trichy,61.023509096625276,81.03013988878683,226.64221382259578,40.97561567480129,15,0
1709,madurai,106.9836022882049,55.456721343015104,226.82897167426034,68.24892907093121,14,0
1710,tenkasi,77.2970806895222,80.19149691771386,221.96565725828742,65.33845615898356,3,0
1711,madurai,34.3023488506434,57.10043660328045,235.71224210236238,61.65469269355213,21,0
1712,trichy,135.8377666154119,82.0737762385484,243.90643595949956,68.33178530506878,20,0
1713,madurai,128.75157459526127,59.67214878836815,234.70013661246662,47.94447252359362,4,0
1714,madurai,101.5498293055324,70.60847060706415,231.03381996212096,61.30358774267772,7,0
1715,trichy,106.87224064617108,82.12668546464784,220.13559500900755,80.66650061228695,1,0
1716,madurai,132.22954038146685,57.098585571281916,235.1682526582445,63.000598392974226,23,1
1717,salem,106.73018970334248,63.27583481316261,251.563496317293,36.56055056414896,24,1
1718,salem,127.12052664283944,79.33295137809453,226.19305376204906,60.546154445528565,19,1
1719,madurai,91.0755339737845,58.00495254104904,226.24016420648132,48.59683072986279,3,0
1720,tenkasi,139.3595121572184,40.186615762407584,224.38910869019003,75.34272592923462,20,1
1721,trichy,109.62357177798052,92.14510581877364,225.1058576550558,76.3767480676085,15,1
1722,salem,105.82155830817622,52.95353303494295,202.54700446327615,36.82450749827938,13,0
1723,tenkasi,61.89816733863904,62.38134076406314,234.05035385855712,85.18025941164377,22,0
1724,madurai,108.60867562905126,77.3401000417669,221.54447823645387,47.75627397442883,14,1
1725,tenkasi,75.04135247516646,50.87259144403197,213.897368812082,101.18364580964703,7,0
1726,coimbatore,80.85151820414518,44.88198130166805,237.5318994973255,69.02447470998766,1,0
1727,salem,75.53873115051637,63.806059451622495,219.17982214958064,45.07213002921675,13,0
1728,madurai,68.01295204302325,33.10385403131416,226.61330946116243,47.160278586146376,4,0
1729,trichy,163.74314209050885,55.6814088469812,244.6644239118858,76.96190583574689,12,1
1730,madurai,139.94017185965208,63.675579964731085,215.90784201975487,62.17400220203245,7,1
1731,trichy,157.61102506432783,55.950721547622535,214.67401765402238,68.06692180763719,2,1
1732,madurai,63.313149413333086,36.84823585221379,232.69306189562337,102.2556046539408,17,0
1733,tenkasi,102.13761249732677,83.91266934306017,241.4948736401037,56.015118715418495,1,0
1734,tenkasi,61.19477124387713,61.55307230923763,214.25658282268037,71.19925715391413,14,0
1735,tenkasi,79.12915368408808,81.46728176642611,234.07689736837176,98.39688974746106,22,0
1736,coimbatore,72.45619049750275,56.09945624729333,235.80999539961692,75.410269509328,21,0
1737,trichy,137.18752019324685,46.79982027463854,209.4083951630768,37.867945292839885,1,0
1738,tenkasi,88.1131096569472,64.0377138038274,237.9850133790722,80.10778023464273,3,0
1739,coimbatore,132.05138001082048,56.76319310507671,238.7660587984218,46.73994284433112,11,1
1740,trichy,118.12362668765553,42.33357813012963,226.88214426743974,98.1361505746593,7,0
1741,madurai,169.10916256314368,82.04676388181244,242.52346362298007,53.54264790004044,9,1
1742,coimbatore,55.61667330580828,50.66594665659006,241.36455574324845,129.39019015491328,22,0
1743,salem,137.77699719360396,32.396004228066474,231.03117925717206,99.34751976655356,3,0
1744,coimbatore,134.39322611202184,79.92249080936,225.48554609675065,54.06774860744043,1,1
1745,coimbatore,70.79863485918897,52.43552976281065,220.27172107417044,70.40027610003222,19,0
1746,trichy,130.21400009419477,50.88264161076563,229.6243649063381,85.07288563266927,2,0
1747,madurai,110.08434889078687,33.519186194550386,235.6975891970418,85.67320948453415,21,0
1748,salem,93.17571220139777,86.11412229895487,226.7582313895936,78.84672519952395,24,1
1749,tenkasi,75.28193539084,40.657791191854685,208.0249899473797,95.0431807393222,5,0
1750,tenkasi,78.42671645652442,60.87674221058475,242.6871389457657,67.54062106731261,17,0
1751,coimbatore,161.49436287357778,73.68930483810661,231.90223221844894,62.66564662847934,19,1
1752,trichy,100.02048456872448,66.32575399504645,226.20375503323166,63.06272024150779,5,0
1753,trichy,123.46390004594377,59.10518532011712,238.5715838842329,87.16746463944254,23,0
1754,tenkasi,76.27301854997341,34.47501212568876,245.24638596482757,77.30362080605292,21,0
1755,salem,76.60441161335083,47.85412746349074,201.9808843051211,75.82567331380513,14,0
1756,madurai,132.45954427749825,62.81700507063783,234.3426364992207,85.90468498514363,10,1
1757,salem,59.512713653454036,48.19238895019505,215.73350789189652,28.978951842922896,21,0
1758,madurai,87.54358696284186,63.05039189998151,234.99110506798942,76.201376477503,7,0
1759,tenkasi,101.02082233216696,70.22615113222713,231.2792720237458,74.37137777747432,8,0
1760,madurai,103.34117805520157,74.43754328700152,236.3572652644055,103.3761616260141,8,0
1761,trichy,94.62720144951531,41.607309632809745,225.00752385505345,39.42824035472666,7,0
1762,coimbatore,111.87459343287769,92.94969082468431,211.26759888180848,101.14373264753516,13,0
1763,coimbatore,120.78567267453434,71.51219016831196,225.4963180874333,71.50818257849332,14,1
1764,tenkasi,122.0391263637799,59.97428769496404,234.06847635139783,79.7797906132009,19,1
1765,trichy,70.4258857399652,76.3430487461496,240.15392328675225,103.51837575218752,11,0
1766,salem,91.47534706213608,95.4811165799996,218.28168699527475,81.21522536011146,2,0
1767,trichy,135.84288585630813,38.41919848414696,240.27060426873018,78.00736578925122,17,0
1768,coimbatore,126.83941562721617,56.6210603626297,223.5212771035348,74.84582371604637,6,0
1769,coimbatore,58.81421645556808,24.323525101900074,233.62449881594526,60.330437300112465,9,0
1770,trichy,110.54439701056604,62.88977298972037,224.90106047134367,69.43021750979214,19,0
1771,trichy,40.65324251875569,65.48091362887712,231.82170627712102,55.68974467754503,5,0
1772,coimbatore,101.40804706181109,59.41256826835861,238.91877634570275,69.10866201149037,9,0
1773,salem,156.93301050237932,50.181996435025354,217.72985922711464,23.281386058898065,7,1
1774,tenkasi,71.56321848193042,29.25728225717512,223.2009410325317,78.58079135135097,4,0
1775,tenkasi,74.97030863525254,65.60300525117653,231.84962587342088,67.56525492432749,18,0
1776,trichy,122.92089344718579,81.83151725872987,254.01583661030352,63.275925266664714,18,1
1777,tenkasi,53.71595454371062,51.134723163998515,221.3681028783317,74.39516167880286,20,0
1778,coimbatore,81.01734910344882,66.60089893534717,250.4013388599692,41.32872154069119,17,1
1779,coimbatore,117.89323412745259,36.47783529869924,250.0442330367517,108.58539993242564,4,0
1780,trichy,80.9714245693179,66.85819595538771,229.02688849298409,67.944650770248,22,0
1781,trichy,92.92090038367085,54.09926553383014,227.018474738001,67.08311134055621,16,0
1782,trichy,122.32557130945104,48.56373074095629,223.07934801335307,50.69207579734155,22,0
1783,salem,112.64638250609684,48.59454538175804,229.3179746966733,70.47892764898522,23,0
1784,tenkasi,108.00455188886205,54.095826269504855,215.93280567440442,97.73919780546561,5,0
1785,trichy,89.82633162189885,65.73649973538804,229.23760982679403,90.71832418864068,9,0
1786,madurai,111.10183345806865,40.31755198206723,244.96880273850857,87.08875502281111,2,0
1787,madurai,96.2880195970073,54.043270026482205,223.88914937523282,80.92797903334544,2,0
1788,coimbatore,113.73416829777354,59.377923330012784,227.59275696010948,62.829149448747806,4,0
1789,tenkasi,85.09203924646066,43.51441163202211,212.98859525732757,40.99673665926596,20,0
1790,trichy,94.52293076861376,86.94997802512526,233.74062088131043,65.9792245626673,20,0
1791,madurai,70.30126622343958,47.19756779907988,232.64481684951375,65.28257070932645,17,0
1792,tenkasi,98.94977169981293,49.958446295497644,230.6370235976577,90.97588879342482,20,0
1793,coimbatore,75.66997409113466,45.32538075266253,227.83172949777855,76.1878088491964,21,0
1794,salem,66.5786064951402,86.97720130707177,227.07242081227545,102.24623055807096,19,0
1795,tenkasi,107.75983443566165,68.29357842899222,235.01900233700673,93.94977080076349,3,0
1796,tenkasi,106.3821932757298,45.95111990634537,229.71183398411378,60.87008780991809,5,0
1797,salem,123.48621204845718,76.59347338289953,233.14971871555332,34.09741606760263,10,1
1798,tenkasi,87.06623291274703,63.01048041433317,232.1498281745455,97.71150467882961,6,0
1799,coimbatore,112.24158540510267,63.858801316672526,241.23427287095762,97.18770446461488,3,0
1800,coimbatore,116.5239271682099,54.83284186871321,236.76994097375055,42.675768181955476,17,1
1801,salem,113.34321423494784,48.7587601956454,231.92861843150192,100.18480039655002,10,0
1802,trichy,75.23038951593574,65.06649148581901,245.1842203065218,77.64234341185036,24,0
1803,madurai,104.48090446813566,51.823691550066144,234.20268529056563,73.21370996251306,12,0
1804,trichy,110.92420888163984,87.25133444362658,243.0496268879042,102.29566508494655,1,0
1805,tenkasi,100.21535400723826,40.960633421353435,236.06942608386638,96.8937034646123,18,0
1806,madurai,37.40567024886746,83.04235159282418,211.58080921068458,83.02661903990408,19,0
1807,salem,104.8146887192044,58.33021726803299,243.0483476331933,79.46434131623965,22,0
1808,salem,166.37593118191728,64.48628601031659,231.35176241342668,82.32788581060719,20,1
1809,madurai,89.19882193729052,72.49736649944151,229.48045229099222,61.99885132234948,4,0
1810,coimbatore,78.15768706434037,50.546260574933456,232.81348347489578,68.89797100535358,15,0
1811,madurai,111.20045679134195,72.96372577047954,226.5501683804293,51.953656908109146,9,0
1812,tenkasi,109.37134631399715,19.38684216928234,232.27028860388944,63.33920448522162,6,0
1813,coimbatore,135.78205496249242,49.20015700167092,224.08123933656907,62.66732242662134,12,0
1814,salem,62.263955322733366,46.13905788988402,242.7427225873437,57.293892607566704,18,0
1815,madurai,121.94140757724978,41.19740981442358,228.86411886378949,72.73493005296926,23,0
1816,trichy,117.7126618375439,56.77567742881573,226.17416157277566,63.520382985988455,15,0
1817,trichy,95.73560389178361,65.78624952272543,220.75074184280726,80.04469440703949,19,1
1818,tenkasi,110.1606195376507,70.53989997748958,232.68775789148643,37.55358773412469,9,1
1819,trichy,130.88372444795073,63.613151358006114,231.87107100125093,67.732904117854,22,1
1820,madurai,126.1694614008535,50.0145980265968,233.88424613677506,72.63103280354991,24,1
1821,madurai,65.70942063778814,65.53524656737751,219.72748112494872,63.78741520326239,13,0
1822,trichy,124.60474560266454,61.86428542276276,213.98818801188426,66.55214600381538,16,0
1823,madurai,98.05934184902445,74.04084251904024,236.2559130250656,38.29507978540285,13,1
1824,tenkasi,102.18622294046546,71.65405054397274,244.84641861876509,77.12954209338984,1,0
1825,coimbatore,102.19590973005083,60.457146208809434,219.73646377610103,82.9521196513414,18,0
1826,tenkasi,95.4927103360522,46.54120490758115,245.89441283561698,79.87074588407533,22,0
1827,tenkasi,135.75122491321196,50.20574766251879,232.83911058736382,90.77454118884366,3,0
1828,madurai,97.48846120452365,51.7531596054295,229.9293709544917,74.03059211565004,17,0
1829,coimbatore,66.41361614850494,55.27100499125616,226.02451303454222,79.57362361301874,22,0
1830,madurai,88.19410432090814,64.0207564138463,216.15481980575004,73.12181476913705,5,0
1831,salem,105.36084150431427,70.72761585192087,239.877285159246,83.75101439184988,6,0
1832,madurai,136.87644352891152,59.23321960476933,222.24393638562398,38.45540727735756,21,1
1833,madurai,118.092840548465,60.241871818507086,222.201933242624,52.12838064043979,17,1
1834,madurai,74.48394163758869,62.14959457500006,239.91926309886955,101.73799314066181,17,0
1835,coimbatore,174.55569750036676,52.2614203030149,211.17016553328273,20.791283558075897,1,1
1836,madurai,107.94325932933938,46.11911613535566,214.76402189331833,67.19644140349313,7,0
1837,coimbatore,138.26172213997046,33.668431540339355,229.8186575649192,93.44549919216136,22,0
1838,trichy,95.44856699268313,49.57275962884691,232.9328442900485,68.13478668916471,16,0
1839,salem,116.00077734116348,67.09718179901681,234.84734647968924,61.89977857098605,5,0
1840,coimbatore,125.18405513555214,49.45632842940649,226.98201506603746,72.58843353630601,16,0
1841,trichy,136.5458413526277,56.4328944386109,255.30369668641688,62.93759639995107,4,0
1842,coimbatore,131.72104916134674,66.99646931118475,227.72107441234166,70.61698985513878,11,1
1843,coimbatore,126.16591000218934,67.81034244634003,227.69213847897277,56.33237926959741,14,1
1844,salem,90.54739806417675,43.807007217509415,222.03013331186122,92.17348839911449,13,0
1845,tenkasi,82.84761874131816,74.95589034680462,231.2390681652107,98.46529842131322,24,0
1846,tenkasi,109.97822530972593,76.91025134033228,236.14961232046775,67.33219355776755,8,1
1847,coimbatore,127.99384217023209,43.0522521417216,242.0357805453346,42.27021158617514,21,1
1848,madurai,93.3183789767018,47.64244695538269,215.10715735559782,59.5231365937321,20,0
1849,trichy,131.9551589714316,77.86636024719287,227.540046616443,66.32022679794072,15,1
1850,madurai,143.57850236458538,57.79719718117049,234.46703610809143,80.11077753806416,18,1
1851,madurai,72.5103724277974,26.70333078822224,235.87057534594535,49.83973553658644,7,0
1852,coimbatore,74.8923788861116,39.00477742900971,230.06548657804538,54.61675362715699,21,0
1853,coimbatore,95.78874823283991,56.25945562241278,235.424239695321,80.21352275717615,19,0
1854,coimbatore,109.22838004567589,42.554360245730976,221.910361070742,88.77817664079116,9,0
1855,coimbatore,84.26298958698847,53.79864344045338,245.57905432318356,57.568119096586315,11,0
1856,tenkasi,140.56608036601432,60.48594320525368,239.9262810297943,43.33565892098008,10,1
1857,coimbatore,112.72200584555354,81.93381906052093,216.5507221293483,135.6823640257577,14,0
1858,tenkasi,101.18341144722218,55.643191256583165,219.24896951883244,85.66608474177427,16,0
1859,tenkasi,56.922714283944174,76.08812699359139,219.53078249893093,64.65992476465937,8,0
1860,coimbatore,60.525525507174784,81.43140243055156,236.7796997089653,87.3806255106168,1,0
1861,salem,108.4302775084542,81.51464504028114,217.15272233582533,67.51086740571156,12,1
1862,trichy,36.02213121535491,64.27131890078353,226.6897566579192,87.34313778200372,3,0
1863,madurai,130.37912228932214,30.550662782415387,234.54704396416776,73.18786395552445,2,0
1864,tenkasi,95.25538466883039,66.91237298105798,229.33834065453564,71.82543796335146,16,0
1865,trichy,197.29278908784198,75.7259983172031,232.58887515712706,67.72836263538423,4,1
1866,salem,169.2374875184833,58.78399341846874,219.34197288651242,41.052373330738206,2,1
1867,madurai,94.5565279225745,86.16875805112872,235.94854373397246,108.7618979878628,12,0
1868,madurai,96.80988992406056,72.89750342201187,223.86788107524004,51.16932159464513,24,1
1869,tenkasi,129.8674454200609,68.52410065729177,226.75380325602057,42.79952847378811,17,1
1870,coimbatore,151.09517829754114,76.29571066808757,232.37731727905987,65.74280234487266,20,1
1871,salem,50.8591282769195,65.00054776891317,231.03078221530848,50.77056372978987,21,0
1872,tenkasi,46.408736039359404,22.607842509069698,230.23980019015593,68.96574418879457,10,0
1873,salem,81.33895583336856,52.51291572794452,222.49373178023245,83.75527697123538,20,0
1874,coimbatore,117.48212749521593,77.9575204087178,227.00450588800808,89.90605801058446,8,0
1875,coimbatore,114.90620771522791,47.88612989852556,230.02183590837035,86.29461443243363,18,0
1876,tenkasi,132.0931436495155,56.64791242144591,216.24914766832916,63.887358904286394,18,1
1877,coimbatore,64.00907414904076,44.32745529145393,225.37467033686622,70.99183655323172,18,0
1878,trichy,30.515684110933705,86.75883892802653,233.87679879032845,78.15758101794982,2,0
1879,madurai,125.74042585906436,85.22238686127022,217.22563396154658,34.84425152115855,12,1
1880,tenkasi,75.15411181104297,46.74196657288906,241.5658165159424,81.4116940023972,10,0
1881,salem,39.445364068340865,62.20947000583626,242.69613262599842,40.85401424832337,8,0
1882,trichy,104.35191237878145,49.792589283539286,217.54849424039915,110.80693197812978,19,0
1883,tenkasi,123.79527064656031,69.22416958547068,243.5761963305014,61.909698307166096,10,1
1884,coimbatore,96.33828603636168,67.64524615863493,228.56418411287865,66.30249645610817,11,0
1885,coimbatore,86.26454841452532,72.17558357419898,234.18514559157055,54.60585801524289,14,0
1886,coimbatore,95.2191330356228,64.97877671561831,225.03348947871754,57.400599362886204,15,0
1887,coimbatore,88.88251712797651,104.03109309582702,239.2304482722676,115.4818713828648,24,1
1888,salem,59.55858664179499,44.581143524838915,234.06094018848668,88.80739377246596,23,0
1889,trichy,78.55957969028705,34.34094968345229,221.85846743402396,39.015951097043235,10,0
1890,madurai,115.63839715041443,54.10364698947808,218.34798000034712,100.08425801370458,4,0
1891,salem,109.650356241295,36.48017601659599,215.39697564790777,93.86484550282863,7,0
1892,salem,105.04179417900461,37.61306594991011,231.87941776432757,64.37575075423423,11,0
1893,madurai,70.14554554439862,44.980280187030495,235.72471411779736,76.13393884059676,24,0
1894,madurai,94.55490513592999,46.16716641852559,236.50965678779443,69.70111841157852,22,0
1895,coimbatore,34.68804860671436,45.6807284707491,228.8201890539262,109.45159808893865,22,0
1896,salem,105.35429991656169,67.77328425668118,218.43003544335636,54.07419622015819,3,0
1897,tenkasi,142.865731234407,52.407164083719955,223.17925201976217,72.92021219551454,5,0
1898,madurai,55.77603603873683,57.3072813769128,241.52348638961925,61.43709338014391,2,0
1899,madurai,82.42216980046734,73.41349161751403,225.1537143539992,41.33919190764291,12,1
1900,trichy,109.8732033613039,48.505162128278606,231.43417630681475,113.83276510109974,21,0
1901,tenkasi,137.5852790328245,56.03181151942917,219.24349516425113,46.36866841795175,5,0
1902,tenkasi,86.55326151099551,65.48639979139374,233.36583045459034,74.40258374975552,7,0
1903,madurai,79.23249012202311,30.87648299069668,225.4231543832092,35.18598787239329,4,0
1904,coimbatore,40.93230572751751,24.226417365741263,240.46712713775764,62.018589215138135,11,0
1905,trichy,103.10314387924319,65.19175993196583,237.73557706206813,78.43937642866915,22,0
1906,tenkasi,161.26228120431233,67.38021420850347,225.04294053425102,53.505320409952745,9,1
1907,madurai,108.32075385894028,90.96330202278617,228.73335972652336,81.7360370147131,4,1
1908,tenkasi,99.3316306244886,62.37142313800215,224.48883759959372,64.61917816223836,22,1
1909,trichy,109.66246932300956,72.29609575887142,215.8056680345499,93.20165024797227,9,0
1910,trichy,99.66723988154193,57.06791034621039,221.42557570452783,97.23521826680447,12,0
1911,salem,75.6095688321961,64.4584083237763,231.9821732772082,58.265104785399764,16,0
1912,madurai,124.69839747033116,85.00885262624301,233.25259498229582,71.53465718785914,1,0
1913,trichy,106.77284569335264,28.140107728115467,231.4854790359264,73.66908452944466,8,0
1914,salem,100.52839755800971,66.20424386357521,226.98266946041363,82.38698590869397,1,0
1915,salem,70.73901918165251,92.03380095116049,239.33066605720984,70.28763992488531,20,0
1916,tenkasi,139.10523795804278,64.23051328814014,230.63541904560938,73.80421918685684,19,1
1917,tenkasi,119.9410823599933,84.75859444849272,237.03253828095947,65.1318705040976,4,1
1918,salem,83.41237487898094,50.561817757058364,212.2622486779748,72.30479733944037,14,0
1919,tenkasi,130.05474561045813,59.5192875875443,190.77599748381658,95.95880387070265,23,0
1920,trichy,85.07287484844379,60.50287053582881,232.8378802783808,82.92166482423708,14,0
1921,coimbatore,76.5398952246689,26.736133809618437,215.75234346278512,84.02511278886738,9,0
1922,trichy,77.20890647559139,42.477332582247,227.87548297286943,84.46140648271157,9,0
1923,salem,46.86794340735727,43.54687380924021,226.97902958975394,66.92382444237928,17,0
1924,salem,114.14627141254617,72.3309911704879,245.87400602415536,76.3765408715906,15,1
1925,trichy,45.065653649849494,73.08229658526082,233.99996552943605,48.29652643328511,10,0
1926,tenkasi,63.146685062027125,64.860546640598,231.65859026798674,95.37615312633915,17,0
1927,tenkasi,37.732359727644,72.36154345283559,238.36991154633674,14.340791353135593,9,0
1928,salem,97.4179092162732,57.53775880917339,233.68497586839038,68.25703215329149,4,0
1929,madurai,95.49038619184384,78.02897504309314,225.42323007011566,92.81791954300549,14,0
1930,tenkasi,90.19911360440908,60.131826639481076,240.7147593025456,42.72264132741317,3,0
1931,trichy,68.72266915988271,60.867960711401345,218.90249872111727,77.99559835233703,21,0
1932,tenkasi,64.83298739690079,56.01611050106383,233.23247187533562,56.384671068419465,12,0
1933,trichy,113.93109590639722,70.26675716454642,214.5243020586369,62.623934696222626,22,1
1934,salem,83.48344204874536,53.6820177508063,232.03943857515995,88.91881921278875,1,0
1935,tenkasi,109.49074964608434,74.64647065797102,231.92989641772928,73.961138517703,1,0
1936,trichy,73.44253941627332,43.0177628892599,246.76454961914663,29.312882642312744,13,0
1937,salem,105.43188228313247,43.51625617907709,214.3502610655822,50.47148920536803,14,0
1938,madurai,139.09834111948192,70.31140132689757,223.99112824146187,89.5067146977752,16,1
1939,trichy,117.5849740117835,58.67183678125481,238.22682426574144,78.97885436385995,7,0
1940,madurai,87.62758545350559,53.19162875770307,233.3531725639731,104.96271145048568,10,0
1941,madurai,107.71596911067782,73.3508659871319,231.80305051337504,103.65295188026595,15,0
1942,coimbatore,92.7800447640936,50.89107878870873,220.4386429704146,63.15509739706417,8,0
1943,tenkasi,100.23640554084184,56.996981185494455,224.0918165190857,120.06475610138978,11,0
1944,trichy,90.23166843554489,80.9884192510674,242.45041008223257,70.48959339703822,24,1
1945,madurai,95.06994382343827,83.08713518715976,229.48490806246073,50.74662931181949,14,0
1946,coimbatore,106.36280059222526,83.5859731540549,233.75359696144474,57.32720268178845,13,1
1947,salem,70.19923901254148,55.76811334599133,228.8481167122352,24.86549789421162,23,0
1948,trichy,69.52363519030065,78.46054357476706,218.16914484750234,102.14038016498563,13,0
1949,madurai,58.34372338506367,45.765707583469826,239.33810426074996,101.89523978087728,9,0
1950,tenkasi,51.991866864888706,46.39645687916909,235.03232384532495,49.689851223733584,17,0
1951,coimbatore,63.48151923338562,24.743162210634587,253.0563683736719,65.44231423236188,18,0
1952,madurai,104.78387520412387,85.09302302847794,219.84418620349456,71.91215088225155,19,1
1953,tenkasi,73.21637453524347,47.04030226385883,238.2257292120048,50.79293895715772,13,0
1954,madurai,115.40843392693289,58.1020113037941,216.88456033962999,34.89795937457677,12,1
1955,trichy,101.04141246257686,46.34513487107574,231.57346567673076,65.79284792446177,21,0
1956,trichy,40.944873596858386,70.42747872495211,239.76506589063166,63.578411410815065,20,0
1957,trichy,119.64926752665069,54.3654950892399,209.27864883903513,62.231775180224496,20,1
1958,coimbatore,124.3239593677513,40.427746643505756,227.95067525758392,74.4543212520193,8,0
1959,trichy,70.1841197549544,66.62493846279091,224.3679026595738,98.59039317051985,24,0
1960,tenkasi,112.60574628684975,38.49404962784657,222.98042701704878,63.93814560616548,11,0
1961,madurai,74.30505287772402,47.43891412026763,233.85212652259355,73.40885997442726,7,0
1962,salem,102.93011130245006,28.396663280608788,241.20685706422594,84.53741047489872,1,0
1963,tenkasi,62.065047791351034,38.6406283170359,228.66721284770844,81.08285853025498,10,0
1964,tenkasi,46.206806423962696,62.67793754580717,232.0548642756002,57.71152951104316,15,0
1965,trichy,88.51548431161095,30.53195942845613,231.14308753059248,71.92754246228071,4,0
1966,coimbatore,96.28813161175492,37.78281413067427,230.01803506356416,80.95079640338106,1,0
1967,madurai,88.06960919156188,59.96446625800788,219.10657362287893,47.432973249784446,11,0
1968,coimbatore,64.47908325332321,51.84589655860421,241.0844460172289,95.27078021593016,5,0
1969,madurai,88.0030281360659,89.88054953938963,232.95195368158835,98.63177810428222,19,0
1970,madurai,108.07884257742202,87.50844819036563,233.94881490002578,55.54439489111012,19,1
1971,coimbatore,98.65320909632389,46.9811630587327,221.9349037097442,73.87340036696338,4,0
1972,tenkasi,105.4750309179764,68.35706427605223,225.40779602010758,82.84556513342064,2,0
1973,madurai,79.89654398637302,71.23923835319177,228.23865802289222,59.087716873424945,7,0
1974,coimbatore,135.15153744148478,51.03781712963395,214.6587530655115,79.63227691376188,13,1
1975,madurai,64.71479990335658,37.56687695252694,213.1196567480232,73.2651125258433,20,0
1976,salem,114.62680891260156,59.81552326037914,223.99252069361432,40.64163644722399,21,1
1977,tenkasi,135.45673278879883,57.40731487778834,235.2252076644239,79.18322631957116,12,0
1978,trichy,114.42724278246686,53.463532545440714,223.4686261007006,47.997151674579285,2,0
1979,madurai,93.9242731880551,66.63475302246728,219.81194802409286,88.78405703324094,22,0
1980,salem,84.15108860011063,48.73905589491602,221.85314346762328,56.575778497322226,9,0
1981,trichy,131.08262953138768,42.72003678631285,225.44657576854686,66.7742913267771,16,1
1982,trichy,57.31075224214981,61.63624455524748,226.46141037179896,97.4455782689315,8,0
1983,madurai,70.8962721886107,65.78955138853314,251.65521452206556,79.9276329305769,24,1
1984,coimbatore,88.07326703524836,42.350325841499206,240.5462062848732,48.41052160850909,18,0
1985,madurai,137.12961272535995,73.92135916486622,240.24774112281727,49.70166858401832,4,1
1986,salem,111.39302908122689,33.44278293335883,241.68580364273382,58.01394422752549,24,0
1987,trichy,70.95862724469264,51.32829811926535,220.01179130665952,77.89288166713332,11,0
1988,madurai,90.6907688384529,56.12987195703587,217.7763538501276,77.16599629865536,17,0
1989,coimbatore,81.57030567711116,50.45664431022105,218.93129708465943,53.13795390674262,8,0
1990,madurai,78.70633023299395,51.524092896732114,243.34506133337837,46.65581028771282,19,0
1991,tenkasi,129.36668675670336,88.06611723462171,224.52808211117508,75.63166810171668,8,1
1992,coimbatore,58.847706122094834,47.23673866441652,217.48643817760714,66.36279868419676,6,0
1993,salem,148.2634256720312,96.61832583707871,225.69003799780188,113.14431774895475,23,1
1994,trichy,124.84689070553868,66.55690169596578,227.6139446828537,70.73207313126157,2,1
1995,madurai,132.72585011811094,61.38082705967988,232.68413273694563,106.2850565540055,15,0
1996,coimbatore,86.11181463924225,67.14360530081498,232.50951020712043,46.5923280379132,1,0
1997,tenkasi,95.50177842762672,97.94891623877928,221.71819436126492,38.535741208765856,6,1
1998,coimbatore,57.00544556425864,45.09610494102828,236.8565639251371,47.59829734948931,19,0
1999,tenkasi,84.26012778799591,43.19373121595416,223.6080646624984,93.78259562906933,4,0
2000,salem,114.80964542929453,48.677007051421185,228.43723663294958,105.12203179387068,13,0
2001,trichy,138.88189185344189,60.48214720446841,236.86774070503355,54.35641092094732,15,1
2002,salem,66.78529549592645,34.113433127811405,223.58178596055657,60.788679404808846,9,0
2003,madurai,89.03482189044203,60.33508858977912,224.30648576418864,46.620381795750006,3,0
2004,coimbatore,95.46102339302433,85.40320700120508,235.91668049693132,33.76720305763226,2,0
2005,tenkasi,58.12632393422545,62.27111085937166,221.4226682339498,84.36823395553259,16,0
2006,tenkasi,117.74047725275202,55.609718115370846,226.1520797639593,74.46040605924327,18,0
2007,coimbatore,78.28029004772173,50.72759326974559,235.5574217804289,70.2097596534775,18,0
2008,coimbatore,94.13828946468928,73.47767556827347,250.54092441435975,41.998869256732405,6,0
2009,madurai,86.44151884264367,47.61250840142929,236.05404504762745,102.7991336365732,18,0
2010,salem,76.31984482840977,87.69593880898871,234.7263976299001,59.93286523901054,11,0
2011,tenkasi,99.78865043558336,89.00039621571536,235.3080158367273,80.67252849632952,7,0
2012,madurai,93.53171264295933,63.85126197992681,219.2680972593295,40.90877189510551,23,1
2013,salem,88.84426353164004,59.827273678850325,231.1559673867991,66.18949620759925,23,0
2014,madurai,78.14615134958972,75.45989712362339,229.702335116636,75.82748912477167,14,0
2015,tenkasi,109.58574012348866,76.42197753340989,233.21584540372757,76.54150436106615,18,0
2016,coimbatore,149.60851805476855,47.91012403410877,231.1650805247587,73.09297086473251,7,0
2017,coimbatore,104.19661698517382,52.10167300294947,233.79699677417113,79.89044984097545,10,0
2018,salem,129.88354644733386,40.16478847975057,226.88532805100797,47.38959087934077,8,0
2019,trichy,58.29334224539612,66.13597407501085,230.58608917371794,73.9474521087932,24,0
2020,salem,104.73284317881308,69.99941825185336,217.7217143394301,72.27515366960554,14,0
2021,trichy,67.078950430868,39.75111543208091,226.80092721997087,74.63345368390122,18,0
2022,madurai,55.692252174042956,53.17201642775761,243.90833548176644,71.44690434638363,5,0
2023,madurai,77.81885777622891,39.79119123627976,233.18808339628256,44.53574452173205,14,0
2024,tenkasi,135.75698003240717,46.51800284634243,229.79078962616924,43.64400495782053,22,1
2025,trichy,128.50047486008935,68.26525590339449,248.96123276254346,25.714636282308973,22,1
2026,tenkasi,107.29014166163199,48.99776899982581,216.3916502169892,86.35069019690596,22,0
2027,coimbatore,54.01898320330208,55.48761065951552,218.9054444455378,86.55315019470397,10,0
2028,trichy,94.1115804583619,35.59032408079027,247.12711411276274,86.8710058244424,15,0
2029,salem,109.05100026705206,62.80485314586996,230.45960936048934,76.13579924922904,6,0
2030,coimbatore,105.26608688735794,59.335900202330265,227.57416963710207,27.337615645637783,9,1
2031,coimbatore,44.68619249557763,49.06561124950257,218.00795674904356,49.465790164294674,10,0
2032,salem,73.29046455940384,57.164785534762885,234.47696266395013,73.40830835186225,23,0
2033,coimbatore,98.0776670755385,62.70442320755166,235.44459869527464,72.7103600558359,17,0
2034,trichy,116.0887272855157,47.776977766359835,219.05505639165105,65.54503573695958,1,0
2035,tenkasi,34.116165367001614,37.85606183997331,228.5972441444957,77.37834405816494,14,0
2036,coimbatore,95.13628073560425,87.08361649030223,226.64484167966933,70.2330341537049,4,0
2037,trichy,104.29146309636857,50.50090942934591,232.55977146418772,72.41540931102723,2,0
2038,madurai,125.48835965548639,58.54859845219666,218.80749757779355,57.218693343359675,3,0
2039,trichy,120.7857275271231,75.16259602530471,242.51947454513157,89.64021972243181,7,1
2040,tenkasi,117.47713956426415,112.93582781355727,239.15823781597604,61.38456782639232,23,1
2041,trichy,76.00178479894197,41.33270325166701,226.36824441267183,43.38701833958747,14,0
2042,salem,42.759935886300774,66.74740820589764,227.83581288361628,54.58001974362543,12,0
2043,tenkasi,88.20841728815797,49.386715720588406,228.63577849722384,63.030676172760394,19,0
2044,madurai,130.0489547562568,51.91814543134934,222.21691446993498,89.88005576737693,18,0
2045,salem,141.80363582573295,49.19681968489815,225.56570581764964,69.15464003130414,15,0
2046,trichy,121.31647306893356,43.115175482991226,227.2972963232539,66.27703562068702,1,0
2047,tenkasi,112.88022468405202,59.38062957323008,246.12868370707127,45.02673150474745,3,0
2048,madurai,111.38918945157897,37.88245969427646,239.46618308330437,85.70965179659153,15,0
2049,salem,83.31643759717659,74.20211349767806,239.34654707336622,56.960956919532286,4,0
2050,madurai,96.0981911933914,60.82504404050062,233.6992561300439,67.99944282117328,15,0
2051,trichy,150.07208577478994,66.3365245935216,218.82672991068765,99.6036615376373,10,0
2052,madurai,71.72325982624372,53.00717082080666,229.5850889542262,80.1752666209861,6,0
2053,coimbatore,148.44336372129555,54.49194098682378,239.7048845961338,37.43491904569651,13,1
2054,salem,90.33915536523824,64.31345857750992,217.41735370632713,34.60979527295056,7,0
2055,madurai,139.76296327285235,42.53924051391262,236.36553206873265,68.71379099761508,22,1
2056,trichy,57.795549715073854,54.63014348379996,253.22609225262767,45.7451877025039,1,0
2057,trichy,117.57712603493948,47.10579729182319,240.6181664598973,82.97093495265996,22,0
2058,madurai,77.89689592157134,46.641467841134784,244.14029135561987,70.84526129929958,11,0
2059,trichy,57.541984242274374,28.352426390615378,232.1833875044216,73.30769538047726,14,0
2060,tenkasi,106.55602127232837,80.0898988422,239.6793194876499,55.86513636715294,6,0
2061,tenkasi,130.28415365787907,49.70191870269347,222.82146785645963,104.8276731057341,5,0
2062,tenkasi,74.65175684219511,77.45064082745326,237.95863812341227,126.85187456020918,19,0
2063,coimbatore,55.02952118624796,76.03188482091439,236.54388134060764,64.4283055248657,19,0
2064,madurai,97.24465706995134,40.71000440225259,232.89911174037664,77.06078496830001,13,0
2065,coimbatore,97.37694013668457,43.673831464907316,243.160074197185,71.94834686128625,7,0
2066,trichy,116.44958882663497,98.40754439033526,224.61215162152612,64.80626273117862,8,1
2067,coimbatore,128.48783714093466,86.26388912890715,228.12942483526336,53.358590645344066,14,1
2068,trichy,98.21754456182518,59.527222300078435,230.95462041358297,48.30064025039046,19,0
2069,trichy,155.6650994438279,63.860596596260244,219.703890289106,47.28805468948951,19,1
2070,salem,106.72704233605876,50.53730395579217,232.26931943800247,78.10480051098291,23,0
2071,tenkasi,89.60720481979301,66.4852907130051,212.81069587046153,59.60651043592729,12,0
2072,trichy,51.652979226915164,49.24227148916293,240.4695453442821,18.434142997189397,23,0
2073,salem,92.12021439051497,29.51469353552423,230.46637366565966,78.89716441196644,9,0
2074,tenkasi,89.90839163766591,40.17666320233424,224.79107096096237,69.23477435071688,14,0
2075,trichy,128.8091438884441,60.316391217758806,221.6562638770488,96.93346002802292,6,0
2076,trichy,113.87450872200563,43.033991467461185,227.65420970380814,77.46244794182019,15,0
2077,coimbatore,64.61892635102149,58.990838026296984,236.88259710772414,40.42652807379405,13,0
2078,coimbatore,105.16763159233112,43.88008440850705,235.4773897873756,25.40646718540038,7,1
2079,tenkasi,120.1459351518716,48.2646911624701,222.9446205272154,55.61055231324126,11,0
2080,trichy,145.84094078163497,72.79747959619787,221.53960327372366,57.49785158612695,10,1
2081,madurai,126.62511902242179,63.71220821460157,236.56898706319646,88.86318402000333,1,0
2082,coimbatore,122.82539962934433,59.85503368029979,222.7765259538497,69.82258135420854,7,0
2083,tenkasi,101.8025798384549,73.18445959605977,230.59909774079503,92.67376996197018,18,0
2084,trichy,111.64936016270349,67.2091289002102,231.23754642524278,43.50333888594731,23,1
2085,trichy,137.48514702118476,81.69844936877051,233.1206213172674,89.30528768760897,3,1
2086,madurai,60.01667807561051,53.102111065272894,238.58270430181872,84.41978306861839,9,0
2087,tenkasi,89.51682018349132,53.55547532208737,217.37037063132678,29.635317771376073,5,0
2088,trichy,76.82293753731278,40.48336100412982,210.88840674739512,96.45235682521545,23,0
2089,coimbatore,111.37459356178373,53.5652892394137,224.3255271877165,71.86916983532706,24,0
2090,madurai,136.90666526952361,74.47154841453668,248.01528407832186,77.84089007737012,13,1
2091,tenkasi,82.09077139836779,79.499810583932,250.22174100087378,52.702077751431545,16,0
2092,madurai,28.290868975916865,74.40457752130001,248.31177135565886,95.50494025843945,16,0
2093,coimbatore,87.6333776492659,33.08712200175846,228.0701863223931,46.28295341522261,12,0
2094,tenkasi,127.40421196052219,76.24717818991101,212.1788491801517,86.64184036747892,18,0
2095,madurai,116.12889708849639,32.42222065091894,206.5696089834816,86.41214951817342,11,0
2096,salem,112.84558743431728,73.47175986183521,223.8596183845059,50.516651436555556,17,0
2097,coimbatore,91.6002009437656,54.48323210143417,228.0192636985064,109.66747198845148,7,0
2098,coimbatore,61.62907791340641,70.53799970900783,243.0062540105596,74.63056960435038,15,0
2099,coimbatore,115.45882964873402,40.013274781581515,238.67805459542447,83.07785220542048,6,0
2100,salem,74.97154569896125,77.5675144905922,232.2740507899162,39.457584093284886,6,0
2101,salem,165.52290200141368,38.025378808426666,221.1015522905886,112.3546000601713,18,0
2102,trichy,117.11521625063548,49.97317633720233,220.39220441755108,45.508861195498206,19,1
2103,madurai,82.58055092338147,45.028580583464475,232.54127687071434,90.49772865531861,20,0
2104,trichy,81.65844257834115,33.68572720766252,236.97050978839727,50.104565641366094,19,0
2105,madurai,97.21167380159235,61.417913513827024,233.91881262245585,57.62022394304635,2,0
2106,salem,92.81494233934751,87.09133676755442,219.65402040393346,85.77508087770894,3,0
2107,salem,133.50501326589864,100.00357833480012,236.50667628792087,90.55105427350314,14,1
2108,trichy,105.5924850923214,61.45733680629372,234.2591096710141,44.57431501771796,22,1
2109,tenkasi,78.05104783274416,76.75021912601284,219.2933359380982,91.80944338113989,4,0
2110,trichy,156.71322055467348,63.48141956892806,222.15679029699743,90.89960990266388,22,1
2111,madurai,101.47924994560668,67.48324792152319,236.88495974561567,51.24093182310215,17,1
2112,trichy,123.06519027906691,54.86777023309142,227.65492464854108,101.9729518718222,6,0
2113,coimbatore,81.75320477665721,62.92615388133903,245.89147301636456,40.86284743503924,19,0
2114,madurai,110.8934688323357,68.06218056909643,235.01129276064577,57.50454834444769,9,1
2115,madurai,109.33329973429585,51.32310406685503,225.1336881181073,79.58005248183977,4,0
2116,tenkasi,43.31052123711541,58.83758550160518,229.89794399609067,52.92867430594787,7,0
2117,salem,160.4582533138192,59.12354821503768,230.63383392637718,75.27638171358682,4,0
2118,madurai,138.71933382767642,72.39604975995786,222.7160968675829,74.8215215760659,11,1
2119,salem,88.08414051562038,44.00951742558479,220.87411801822373,66.25851460154558,22,0
2120,trichy,66.93190778632433,59.226866870885225,237.013898938095,86.64801077181119,23,0
2121,coimbatore,110.42684841410656,88.68008203579046,238.45273297042095,65.43278414684721,2,1
2122,tenkasi,102.60093098243189,77.46090228878907,236.0378146955296,74.63082137627612,10,0
2123,salem,110.67006845689689,80.23768573333058,245.15318094323803,92.92943754975805,6,0
2124,madurai,105.74732188582269,60.366477602670514,224.58226763988398,85.8137242005168,8,0
2125,salem,115.18722967917779,64.81496345529035,246.7427076607113,85.72034581628417,15,0
2126,madurai,143.4191709817542,75.03354250054389,220.99078881445848,47.0164079556644,13,1
2127,salem,117.04309615385938,83.40383294296396,219.87314436631507,80.49585151002644,22,0
2128,madurai,68.51033503270176,30.7259563067567,212.4004111785075,52.430024180609905,2,0
2129,trichy,140.87688558137356,40.26838039425232,225.54204686173182,44.37170040443947,20,1
2130,madurai,149.21843690464863,79.64166152103972,224.96277663170545,68.56587307430063,1,1
2131,madurai,194.56170203536254,55.846659663467946,235.2593728025465,51.9140962669682,15,1
2132,coimbatore,66.29517900281206,49.92418816112884,232.4389094162045,85.81235437679955,7,0
2133,madurai,107.28646039450825,41.18758519506594,218.07026628980864,86.29070919390648,24,0
2134,coimbatore,37.53703890433038,51.67474947683836,226.07273761574183,31.94747527137116,18,0
2135,tenkasi,116.59447469137628,38.96446074864262,226.28537978912314,53.433949208462195,10,0
2136,coimbatore,83.55399105499683,91.36641409098715,212.24017753038106,40.80426656164002,15,1
2137,trichy,157.7033738447486,59.6634592202914,220.1905327298663,60.74741446814219,5,0
2138,coimbatore,76.76155089944254,59.13074187355924,222.2918636938591,79.10351339737649,24,0
2139,tenkasi,49.32450886098215,68.82115012751748,244.33625019820946,65.15423803643223,11,0
2140,trichy,85.8620877789244,74.43517753899854,231.91450715957353,58.20481518665729,8,0
2141,salem,40.73536686348588,74.18832234831959,236.621687539475,96.00353053626279,21,0
2142,salem,122.5329836352193,76.10432915861358,215.01364502850788,23.902856548074226,8,1
2143,coimbatore,38.04750861231038,50.53731673813715,241.9421448301399,94.73743787036449,6,0
2144,coimbatore,100.85372743549476,55.53199792564708,243.01102063024092,59.11423413689029,15,0
2145,tenkasi,37.6656454043141,71.53547483163413,210.01655032855373,68.43781979774421,15,0
2146,tenkasi,90.39106586390074,52.0891640754057,222.94683276084152,59.45273324559783,5,0
2147,madurai,149.30134467413603,59.923400519591624,234.9576557301551,100.85776211078237,13,0
2148,tenkasi,110.81943674307385,65.98145646637221,236.4438845353818,45.380430063894806,14,0
2149,madurai,74.09519185105198,71.77777623465565,223.21505269512778,70.23472739443872,11,0
2150,trichy,99.06389533182748,33.33478556444698,226.94500536946347,80.54877303719994,20,0
2151,coimbatore,100.5405061613334,70.72118474833418,224.02618938954856,37.77994464229665,21,1
2152,trichy,114.17891037530217,56.49413913222412,231.1041804694612,51.602036591076924,12,0
2153,tenkasi,58.99424910157521,70.61186566296571,241.97178531461913,67.03642933003542,20,0
2154,trichy,117.77701821541991,71.65397538532243,222.28957842858796,52.2666993063125,1,0
2155,trichy,18.868251051916744,84.11872591678735,240.00820497768413,53.688164575617,3,0
2156,trichy,81.10346342908569,80.30180471431805,222.18327927653112,63.00274673847125,8,0
2157,tenkasi,85.35178472645366,80.19857493915444,221.52372787503117,82.99162663292347,23,0
2158,trichy,118.99980478213715,81.65505478749358,238.18594618343212,63.14564446243711,12,1
2159,madurai,100.67892558030607,64.37068477223919,239.21936378007618,91.56852388945893,15,0
2160,tenkasi,57.8331083843114,60.4827763055526,238.51409936762656,50.04484434681291,23,0
2161,trichy,70.45020622548955,73.09225624767501,216.8420259178186,44.96155479053095,3,0
2162,tenkasi,105.96040028642221,70.98121427149533,225.3404902192795,108.52690811442268,22,0
2163,salem,97.62797974406331,55.3640064489261,238.2298859200332,56.840837446689775,8,0
2164,madurai,82.62627671092761,66.07235113212403,230.41541840563895,43.7817598585568,24,1
2165,trichy,85.57498631464063,59.473552998231085,219.26307153802537,35.158921164563395,19,0
2166,salem,120.88503991477867,47.19100637309916,234.58317939125442,91.50206907617878,20,1
2167,salem,84.46922281392357,79.35691112064525,222.8519274100853,63.17390970679882,6,0
2168,tenkasi,97.3572626791278,60.827988637951336,247.94524848392211,64.92580529867203,18,0
2169,salem,165.0980976424163,90.73062386548276,245.4484146241826,66.8159657682672,11,1
2170,madurai,57.28952089348231,35.617615947002506,236.04097426355568,90.25885769339563,12,0
2171,madurai,44.444718052760244,51.64831840734951,243.61006704769773,66.40940332048159,23,0
2172,coimbatore,123.5076899439582,60.489582550363075,230.6479135012338,116.88107557665252,2,0
2173,madurai,79.6407081611769,77.06071646443371,237.65437494375016,72.67521148108459,5,0
2174,salem,90.45287416772139,65.99204058903277,244.77720295302075,91.23569533916643,4,0
2175,madurai,76.56530865606658,64.65709131271127,232.45498681794314,86.10479715808813,9,0
2176,tenkasi,92.20599577697462,43.091043111687796,227.44812828485718,69.27105359483924,13,0
2177,coimbatore,147.95614336289023,42.64587904155793,212.95378041822883,58.260580279590734,13,1
2178,salem,124.06385375854359,64.83756990434857,229.16866474278507,76.63927857133108,15,0
2179,coimbatore,125.86670535660932,39.538410092724625,238.23423184562313,80.20197462414546,2,0
2180,salem,57.513188326220636,52.021833745660075,239.45633427567628,58.548279037469456,23,0
2181,tenkasi,65.46538790341393,67.51375993628787,235.0436506571841,73.32677731901312,13,0
2182,coimbatore,14.827640215437185,45.26513591584836,224.5870090503776,94.72409956519192,7,0
2183,trichy,75.71857536751739,84.0803394354271,210.2317843105241,111.39895478139357,23,0
2184,salem,128.70109559156975,78.35904516356835,225.04784901995265,87.08738640698843,17,1
2185,trichy,115.50839547245113,36.42870002492549,226.9565512894605,107.25519372760564,8,0
2186,coimbatore,93.35460211143628,46.01443135227019,226.87071032809985,57.41251577587089,18,0
2187,trichy,99.33099148845841,25.71334133257575,236.18556356977925,84.03764504118588,15,0
2188,trichy,79.33343372273784,48.261129561778006,249.8567641101484,96.77039017162545,15,0
2189,coimbatore,106.14276647205352,71.49582714858599,231.23529201841092,52.07333334056008,5,0
2190,tenkasi,122.97634838441844,53.79157586587715,227.8326821084354,60.288197759099816,2,0
2191,trichy,51.52339637768582,66.91195865423951,227.40778186995908,104.758095236705,16,0
2192,trichy,108.98943063512044,37.16498522577383,231.24384766907716,50.498022884261204,5,0
2193,tenkasi,127.97304612864002,71.96962881872858,221.717062396516,43.177399346885785,23,1
2194,trichy,87.54699133109891,51.67336158107475,231.20198558746054,100.55963147279023,6,0
2195,trichy,121.02101836361751,60.18254523424358,234.508123363318,93.93526449960876,12,0
2196,trichy,184.4396333341766,58.60688247910421,232.0968606357449,78.64240487967538,5,1
2197,madurai,96.86971621039324,40.92677218661574,234.5754193400478,69.08578490708345,20,0
2198,tenkasi,111.79921150015971,42.70373502390326,234.33747609348535,61.22950988790036,8,0
2199,trichy,77.85828749015826,74.51691703505139,212.28103317753556,75.63897747618103,11,0
2200,tenkasi,105.43753487806151,65.98488236252544,236.36870158395402,101.596139148031,14,0
2201,salem,113.80814874946911,75.7507356233014,223.28985154337548,74.77132252284152,24,0
2202,salem,105.84527020810414,64.86987353253778,219.04160836996041,113.33918534493932,17,0
2203,trichy,69.4091404087343,62.14485952213825,218.95548172145004,52.041160287195396,10,0
2204,tenkasi,106.19085313976352,34.1098407199985,234.33541610472528,69.60638491343461,2,0
2205,tenkasi,143.8658781615291,55.944499548582456,227.77425072775148,62.53882664672169,3,0
2206,tenkasi,113.45907293543581,59.58923519394384,213.1803121601459,48.29716913675334,13,0
2207,madurai,128.85961567215523,89.29660797408862,234.78037815192283,66.9383253398069,17,0
2208,salem,92.88964089962117,70.30434948148016,215.60391869201172,78.3465860332088,3,0
2209,tenkasi,122.49700718271131,83.04091772564293,231.3982135851821,80.4846035990406,10,1
2210,tenkasi,108.37803514649578,68.96306558842092,232.38498925673053,113.40904357889113,8,0
2211,madurai,71.47267810938304,49.33045159575781,238.85577081695044,79.2893493944712,4,0
2212,madurai,109.55563014396623,61.75686324224777,247.81684786466852,93.00273607359232,13,0
2213,tenkasi,70.24910009679068,63.543354693963494,216.3532367409946,71.32188492597952,7,0
2214,coimbatore,81.01359175345624,45.912666453439776,229.47526143936952,103.5611120090519,7,0
2215,tenkasi,105.67984921877122,54.23418935110618,227.23664704955783,117.96898571176139,16,0
2216,tenkasi,108.91732820140372,56.91349509484242,234.33749685960962,80.621702619519,5,0
2217,madurai,64.32302604768613,84.08429748847678,232.15668770933618,50.14681969096837,17,0
2218,madurai,131.6195731354863,28.788892119135326,226.4745375726338,59.02389954445663,10,0
2219,tenkasi,117.16018834901419,78.08727631074065,225.59097811389145,75.63868606410324,4,0
2220,tenkasi,78.85814693167349,45.94807147560926,218.83549144815953,79.12996070501292,23,0
2221,tenkasi,53.87245610652474,39.41881219095579,239.8786158240651,83.96850268768743,14,0
2222,madurai,95.65286262755706,77.69913195057697,234.5920418159953,79.20395362460081,5,1
2223,tenkasi,86.6216885841652,70.97847103851572,239.17768197795138,70.13969832511877,2,0
2224,tenkasi,103.39421371159068,78.81778053571784,226.89603863524485,57.27603117595743,14,1
2225,trichy,89.106500165333,72.01052921318364,223.4316453130557,78.02276522528459,24,1
2226,coimbatore,39.7762941776497,90.89767502606102,219.21684933370773,107.09974714961314,18,0
2227,salem,88.34959185096525,68.38085755416728,233.5891758374066,90.3985721085551,24,0
2228,coimbatore,90.83142666795061,57.652839358152626,219.60206775471767,80.69407899272396,11,0
2229,trichy,119.00983074322176,65.14389565982015,248.4866306896655,90.59133847645502,16,1
2230,salem,79.05400976166851,78.65203692518945,216.9235741890656,62.57871942198295,18,1
2231,tenkasi,150.360240201177,48.30937012109825,232.73660119212502,59.83469707833359,16,1
2232,trichy,42.65078348044729,50.22167126202929,245.66854707213787,55.04429791268036,21,0
2233,tenkasi,139.33502493407872,55.36559978103139,235.99089759263808,67.49426754461125,4,0
2234,madurai,93.27043087365686,28.431258018520015,231.7567371249178,61.5598820658184,1,0
2235,trichy,125.78754617030668,62.071176126263204,220.31516353038106,94.16549481304278,14,0
2236,madurai,102.394044521762,31.708069440734608,216.18230811432295,60.493531646356224,12,0
2237,trichy,134.18666608076407,60.79588969398929,237.70050108917587,53.94556567550167,24,1
2238,trichy,88.37914106341566,72.97934634202875,245.06147240774948,108.85154357661264,10,0
2239,madurai,67.04138724466563,52.846853090342464,225.61150009521828,60.972495378373125,19,0
2240,salem,142.6151286181319,85.15673805280306,218.6093849238365,73.07056914500701,4,1
2241,coimbatore,96.59558062353577,38.092486508722686,205.41830569450983,79.02645649486823,20,0
2242,tenkasi,106.64675420872632,77.86891022447749,220.19235156337461,47.266137621583695,21,0
2243,trichy,137.04255742134384,70.12705584610381,228.8634315750096,94.70967539006139,3,1
2244,tenkasi,69.04134273716696,34.259501275339666,245.99123240836735,82.74238080822455,4,0
2245,madurai,117.86472692917772,100.661914485608,236.7313369223297,101.16768023761563,15,1
2246,tenkasi,82.30315730611328,59.04382071744051,233.05085404706753,56.415561255637996,11,0
2247,madurai,96.03491933066884,46.837739667665524,225.9988033869887,71.9825158495232,16,0
2248,tenkasi,102.16836896152867,38.893692078239745,224.16834282744043,70.7871150998839,4,0
2249,coimbatore,54.99334415659192,56.69972958510489,244.05647597507965,75.27776988700043,6,0
2250,coimbatore,76.63488871538695,58.0888969141506,232.00738540758388,40.90770502845678,8,0
2251,coimbatore,140.53218677239417,61.53968292809497,208.97399308078977,72.21672757384445,13,1
2252,coimbatore,126.58573565754386,55.533057656640594,223.26460352102757,41.47072177152509,23,1
2253,coimbatore,98.12081268018295,69.4983796517264,221.41783968228373,77.16668142393843,20,0
2254,coimbatore,107.29370375538679,54.1855525100513,224.53735990822534,27.427017509629607,4,1
2255,madurai,91.17272483090628,30.975538241392936,235.62910660285084,32.96826331418827,5,0
2256,trichy,140.69750157483946,57.759577565255384,228.92555118205752,86.37097432879997,10,0
2257,tenkasi,93.98942266617509,24.487835199400827,229.23134592996337,59.06323089610434,5,0
2258,coimbatore,106.95526276404544,65.30655946337085,243.13473161325237,50.24283852735518,12,0
2259,madurai,134.38090432426196,45.31049654576047,223.0353891021331,95.41691242151096,1,0
2260,madurai,76.6788554546228,62.45040532373701,248.6419952588735,76.5525243465683,24,0
2261,madurai,146.7636755349068,79.71112472286906,223.28692408628913,87.44180391067567,10,1
2262,trichy,54.086157707698696,45.76876957098,230.8919819661257,66.67515855358339,5,0
2263,tenkasi,148.88926393338397,75.91884387768177,227.18796404597234,123.59257387800005,19,0
2264,trichy,88.81973248144077,53.4991564997077,231.2341913350096,57.9097227888041,19,0
2265,salem,92.71903756524155,86.29792203098378,234.44591995073128,104.88991098719777,20,0
2266,madurai,43.299694864511714,54.5227108020268,234.33835240088877,68.77267919800174,12,0
2267,salem,86.35615847866922,47.39260521739963,222.4688266937942,36.90979210174508,23,0
2268,coimbatore,68.80580406919347,70.30857675592932,218.7708532255243,79.65697491496218,16,0
2269,coimbatore,81.77060963879582,53.46315405564546,255.0317179090571,76.29525122910327,5,0
2270,trichy,95.88067102633362,47.37825728806487,225.16015660399447,48.973563715215406,17,0
2271,tenkasi,128.73374843418716,52.832402239443134,236.99212438671987,51.55561445730571,14,1
2272,salem,106.22810054201878,59.33090201725498,213.92358689476802,69.50604713830016,12,0
2273,tenkasi,109.23029960203341,80.13270196867282,227.20387280095323,76.99495630495963,13,0
2274,trichy,67.13441833463312,30.988683818106345,228.72800616017557,20.586734342411987,21,0
2275,coimbatore,73.5773773119181,60.34620988425631,234.72815069927833,91.06242905047606,14,0
2276,tenkasi,153.96175055053936,69.37355391981065,202.7754585900806,60.11004052370045,5,1
2277,tenkasi,77.9439689571026,62.90172862487694,231.66140613078332,43.36505031203647,22,1
2278,coimbatore,149.68624756171886,79.64797754150301,218.50258544632106,88.82133102903862,23,1
2279,salem,92.70816403357401,58.884820053622136,233.24345711194923,69.52764041163087,5,0
2280,coimbatore,100.06863808430512,57.23172836721082,219.63670803161838,94.3233155356451,18,0
2281,tenkasi,132.1109548068979,68.88494320520014,221.44517304074418,78.75904525959511,14,0
2282,salem,138.1567726581597,61.48970722427025,227.26372389606732,69.96970994103908,18,1
2283,salem,96.67562319162738,54.14386892579294,219.47670530396806,66.94540110039688,20,0
2284,coimbatore,88.35270839435384,67.74216059379569,225.24465553264645,79.65425521112276,1,0
2285,tenkasi,98.32238654433361,50.21207560175032,218.06624231456684,61.729374823813394,7,0
2286,trichy,110.13872584696355,50.83234271971009,211.6682954830127,52.94854822507001,17,0
2287,tenkasi,126.73911060609267,52.08008967351579,240.17957052429358,82.19818245309288,3,0
2288,madurai,100.12689576982454,80.29603740249611,217.03951307176072,67.1102431711114,10,0
2289,trichy,118.5665889406946,11.684754660214296,228.21319112392015,70.67135296138012,7,0
2290,salem,149.15079196812823,65.93398252144414,237.52891081493786,91.78759672309215,12,0
2291,trichy,111.43928836794353,60.51407721300333,223.85055897483957,67.72246784528518,22,0
2292,salem,109.34958568014335,34.7869431114282,221.74834100254463,70.30067851083581,15,0
2293,salem,54.432675247297965,64.64590168704004,232.2623808866742,58.00700977098136,23,0
2294,trichy,21.0780958951281,67.13627987747299,241.17933822727153,78.61479867963702,21,0
2295,salem,111.65127187690504,68.844588470361,218.3068473491353,76.99655825360176,16,1
2296,salem,97.15527306157384,20.222579054325763,228.49852167982561,88.01550263581116,8,0
2297,madurai,84.55651975255775,80.49584117781657,212.67505405032674,58.417423259862474,6,0
2298,tenkasi,107.30590612559034,48.933949429727384,226.0679899631781,60.84366060819629,4,0
2299,tenkasi,98.18788812409275,70.29851620129764,230.34204684538076,85.84274798290939,11,0
2300,madurai,133.83340751901696,71.11610671023429,221.45375358244934,75.04426006725727,17,1
2301,trichy,102.58332604776933,46.84954371571061,225.4300816617477,51.87563747614611,2,0
2302,coimbatore,77.59230144789497,69.90689928527325,215.9177323169255,96.13108135469001,6,0
2303,coimbatore,129.70498716877867,54.21760138631463,230.77078611381495,36.03098863199498,4,0
2304,coimbatore,93.48606775161393,28.92934230992764,240.5569424888315,85.68569506527504,3,0
2305,madurai,115.79610051016921,77.51612888291669,219.02856130229537,44.69575928003607,7,1
2306,madurai,85.67767881421598,48.3743255547564,223.77328233447616,107.71577032971054,7,0
2307,salem,80.5051934350769,47.18259805892919,235.02546246454182,39.10800546188753,16,0
2308,coimbatore,102.52504690557089,53.95401197944917,242.12090719322737,93.04501303745496,2,0
2309,trichy,100.38485930631056,64.08355087991082,215.0681018779107,68.36731279977512,8,0
2310,trichy,114.39481106100499,59.140943837668466,228.3121526258405,62.66794860322512,15,0
2311,coimbatore,91.94062740070773,68.22100387060756,232.83130822319524,73.70793312935523,16,0
2312,coimbatore,44.90920648688808,39.90765950207012,228.9794360937115,82.63800678315626,1,0
2313,coimbatore,87.01678349234834,48.86420444353898,205.23207933122913,51.91198995338261,10,0
2314,madurai,123.81455401431447,58.26004391517699,235.0109000930877,53.684245496628556,7,1
2315,madurai,91.0787176227068,88.46830938988059,245.19336351090644,82.99209730225772,16,1
2316,madurai,92.60849792456357,58.29281192379363,231.16661751169502,35.853140927008,10,0
2317,tenkasi,129.5912951771781,76.27833395492448,219.68893946705737,58.31541813615829,12,1
2318,trichy,78.64080318223232,60.578327531764764,224.86872753635717,130.8137390831888,17,0
2319,trichy,53.71590345271301,52.74512043843647,247.69913067655594,50.63974070821438,13,0
2320,salem,95.18106641423518,56.299133638283394,239.0996254086056,92.95605583519506,12,0
2321,madurai,85.47478146253789,57.473704319566785,236.40026618384329,58.28098462572376,15,0
2322,tenkasi,71.01261040740238,69.05468608441107,233.56412583534376,80.18090289594288,14,0
2323,tenkasi,94.73864632303928,80.61916901364832,223.3886288780903,83.08711381192435,19,0
2324,trichy,114.7451694174035,65.39521271529482,227.99428819344232,92.57913470365895,19,1
2325,madurai,99.72134315296553,77.80616518112633,229.22077264321484,65.99492346374448,14,0
2326,salem,109.20943218058713,45.52815393555471,235.49574316064445,109.77769277509707,18,0
2327,madurai,154.4022309554627,53.78054236778954,245.08918894266904,58.2132687082964,5,1
2328,coimbatore,89.71363415327308,49.135461986885,241.18338136793128,74.6844082719912,20,0
2329,madurai,108.35045903934008,64.71666886312279,215.8061564420396,74.90553864435215,6,0
2330,coimbatore,84.72359912202596,54.615624222308796,232.23994968901047,47.56063760101169,18,0
2331,coimbatore,74.60920840339081,70.94659405551293,237.36763345167896,64.2825549004176,14,0
2332,salem,82.4527703974669,46.034974325513375,236.18860330144636,73.23026998476814,4,0
2333,trichy,85.63724285434934,60.64546459981922,223.70766236612582,61.357579137411605,23,0
2334,madurai,110.78427392641376,70.30286866518384,259.1410921576836,118.8184793091307,1,0
2335,coimbatore,170.47227360102272,29.020458374390845,217.22915437668883,53.227526528009385,13,1
2336,madurai,78.51869691172479,91.82446960995304,219.1681155333395,93.58848936280856,11,0
2337,trichy,87.50124083153612,55.752721726801866,232.33595081261575,87.12919626297573,3,0
2338,trichy,98.10630960666255,29.624401294857407,251.16803054963853,69.72275730991457,17,0
2339,tenkasi,111.87396546129241,62.37140847865179,221.63805149295828,52.69581892295506,18,1
2340,trichy,107.90652435864355,60.501652019597266,227.34171634353007,54.6348935921646,10,0
2341,salem,138.52287381844351,58.771584306412606,240.7729367301569,59.6406540156698,16,1
2342,coimbatore,27.208237883943752,74.8678666939,229.82137845112265,34.28517436107474,21,0
2343,tenkasi,28.392103894129818,71.21167457140584,226.65396145469705,49.93069148401419,13,0
2344,salem,85.12365483969552,64.46814286535768,235.6563290188672,40.350469692727145,20,0
2345,madurai,132.91900562631128,66.75233450919971,232.72517990229593,96.91750006355434,12,0
2346,coimbatore,53.030559051832114,58.4346232584287,240.30438785636792,82.36924784776437,4,0
2347,trichy,9.771029809187283,86.63236273860073,242.91468889065362,85.71948197730921,8,0
2348,coimbatore,117.13538218657627,37.8120597246335,233.07003060005363,81.77663903083895,12,0
2349,madurai,107.30971671108144,62.09477511323845,232.9173272537831,73.33935246668327,19,1
2350,tenkasi,67.2937477960171,60.975369467831705,232.14110982286132,99.21360664258273,15,0
2351,tenkasi,70.4338119783721,72.1992060909689,234.8913055664929,57.78474688536525,16,0
2352,tenkasi,70.90768841095976,47.34219183862651,230.55170637871464,72.1333931073409,12,0
2353,trichy,103.3160595242182,33.84491096405196,229.9939151767771,84.94117655648246,20,0
2354,salem,81.21054171450979,62.3523452414729,241.96627120827242,43.57581536287742,18,0
2355,salem,114.8219175692656,64.21845738327906,245.16116180355044,131.93177792285098,22,0
2356,coimbatore,14.361200112868275,82.34399114171474,214.9244705536658,70.57131525555172,12,0
2357,trichy,74.29444404616602,40.94456930512371,230.10021151740568,72.83978901151185,16,0
2358,tenkasi,66.2183811726685,77.3204065007508,223.11305566554765,95.13756063349844,20,0
2359,tenkasi,92.30977964882524,95.51121546040682,226.89028533513928,88.29910666020447,11,0
2360,madurai,83.85856724529584,54.333526687162845,234.02516209735322,70.76156038792918,22,0
2361,madurai,123.935313396873,40.635866707601636,236.6943837154247,72.60258876196085,20,0
2362,tenkasi,44.219896850198275,53.89538450439943,228.87873556388655,39.91702938104042,14,0
2363,tenkasi,101.36474428992256,60.21007451057071,210.86659665277196,58.87068444300048,2,0
2364,trichy,116.75009269635116,68.45681812510372,220.3495441942382,80.34420432317921,13,0
2365,salem,155.69942309685865,51.12907905242929,238.96499670200166,78.87785678085773,14,1
2366,madurai,85.54702086719574,83.32797801221014,202.59573577965068,94.42331500008174,6,0
2367,salem,109.73375813057551,43.28201527487907,241.87427151682,67.58997883553351,12,0
2368,trichy,45.884116223129055,33.911922717408004,235.21229990644542,42.25426973138268,7,0
2369,tenkasi,28.24131387060929,76.60065636430976,243.16176081530023,91.13460861551356,4,0
2370,salem,125.343231273451,25.880684531907008,228.0143081311904,98.72178692364031,7,0
2371,tenkasi,99.83319119055788,56.93805346690926,209.38594575977095,87.9648914571246,13,0
2372,tenkasi,135.35538069395267,106.76521693812072,234.30362641506497,66.72732658285017,11,1
2373,coimbatore,58.79791333090753,59.81934670560103,242.7465312403834,90.88772103753158,8,0
2374,salem,115.59706418586258,43.18848523955626,239.2472180551342,138.57820956016428,19,0
2375,salem,156.0645352163156,59.13903804319809,223.37308516511965,72.30304628880951,2,0
2376,tenkasi,112.59116825071797,59.237988170707,230.86761075462647,43.76526615509751,21,1
2377,trichy,108.29744516773147,62.40974910529675,224.67163731220077,58.27429900895696,18,0
2378,coimbatore,100.2566824247305,69.9339447323943,221.8073353581063,82.50952000608102,21,0
2379,tenkasi,52.87355628622264,44.41333247448391,239.5538857117985,37.90391378203874,10,0
2380,madurai,140.66718807131045,85.3132208285519,218.0246768873484,73.38806149824138,6,1
2381,madurai,81.67427080584802,63.67671426558927,221.06183569418388,77.60673300631765,24,0
2382,coimbatore,115.13449769149051,70.90191069602706,218.95974366527614,100.70243479625304,22,0
2383,trichy,53.108970802862395,50.57775900366536,215.09752476700953,96.20389712108602,4,0
2384,tenkasi,64.61621006476659,79.295732054933,231.46414291842603,87.29169583503543,19,0
2385,salem,143.05262197666707,56.14421386780403,241.61503048481975,26.746419789709407,14,1
2386,coimbatore,89.58093133126471,64.16328770240298,228.15123243754735,88.4210625609585,14,0
2387,trichy,143.59826428127633,46.00340884219336,214.94252199435834,84.11026772120493,18,0
2388,salem,97.65308022824446,45.0460256039681,238.39944539742027,75.11888754156693,17,0
2389,madurai,44.74306681126428,70.32307959679324,246.85701754034972,35.39555747709029,18,0
2390,madurai,126.76202799195161,53.34589754688921,223.53757675853404,54.464521816258795,18,1
2391,salem,82.30323046733176,47.192653687434344,225.2144573328228,46.66354460931868,5,0
2392,coimbatore,120.96066440551131,50.352249869594544,235.15660630083394,29.69983120985819,9,0
2393,madurai,100.75632602620246,70.48429607576132,246.2187374778505,69.9416969717041,1,0
2394,tenkasi,53.70645316171389,50.56443208194584,224.80165854274773,54.043557571144405,4,0
2395,salem,104.92884296111707,58.23517602596754,216.67550219001794,122.50611160537824,7,0
2396,salem,165.88669426458398,60.22541625430645,236.31418606272408,66.62456121124181,11,1
2397,madurai,114.78959375543377,31.239766709845515,237.990680731423,95.8750631173192,14,0
2398,coimbatore,98.2744674098361,37.933103919397226,230.06131450435228,38.61801950613551,10,0
2399,tenkasi,132.26030205870694,65.04416833871343,224.4186674034255,59.398208279902605,19,1
2400,coimbatore,106.32005395609332,48.944559582709545,239.94378730992045,71.9379575206863,8,0
2401,trichy,106.28602690788384,75.85087366920628,235.28036004547965,51.83692102784659,3,0
2402,trichy,67.25124483522691,74.50210656375816,222.31564483096508,61.555986303905115,8,0
2403,madurai,107.01544077368796,70.78752999533155,230.49094731305672,65.64098187512923,18,1
2404,madurai,131.06330249250834,87.29657680968896,216.48292467975352,65.3218402911021,5,1
2405,madurai,74.91813543699926,58.75366008385225,236.8589045643792,107.10237146070693,20,0
2406,trichy,142.73487463740844,69.73322888855759,227.37766430617145,77.5645257086302,11,1
2407,coimbatore,97.24881927564623,51.23398535105953,225.64289167615263,79.59021125882606,9,0
2408,coimbatore,73.36691465384378,96.78554869303085,229.67125514847567,80.79309548690141,19,0
2409,madurai,129.92896230760732,89.7545047865403,230.40307699330248,82.25252754674224,12,1
2410,tenkasi,91.39617292785192,60.17820651776688,238.9493006156556,68.3422603225027,5,0
2411,coimbatore,122.78544662458324,65.79879344857788,235.91090531325221,63.58507257042308,16,1
2412,trichy,91.24724103224389,80.38946399047208,228.43590721207198,73.33632119036555,13,0
2413,salem,98.20521569410289,57.79290742778839,237.63668149718995,93.13607897826945,6,0
2414,salem,114.80680613002875,50.15063893800443,234.00737253691614,92.52476376872767,16,0
2415,salem,108.72691172770018,73.10984626510324,225.73400363713964,65.19203048623177,18,0
2416,tenkasi,40.134046586447845,61.17658869125505,228.75281841763515,85.35687389336223,17,0
2417,madurai,66.36268779716825,62.7449167446789,228.5177711115688,66.10830673920664,12,0
2418,trichy,127.88229954372446,47.48592985398052,235.05261343174203,70.67741098870488,1,0
2419,tenkasi,96.03590233295358,34.234917774549054,226.32977385278357,60.52953236891605,7,0
2420,trichy,84.28806091685735,63.542136148186515,226.09590813578367,66.36709722187533,14,0
2421,trichy,59.24277954227577,73.57443062241299,249.6875730943396,96.8266013909936,18,0
2422,madurai,67.60791036172455,56.61289876385937,239.39735481747104,71.84842294678472,23,0
2423,salem,39.34604080114158,81.546442793383,222.39399335574862,72.70565017104636,1,0
2424,madurai,96.961578438954,49.44125511876683,235.709409939422,41.055644414840835,20,0
2425,tenkasi,82.0468725825686,44.1794331755112,231.1835006565518,63.81512184734541,10,0
2426,tenkasi,71.00236327044054,58.99154539205803,233.91551175260093,65.17370192510543,15,0
2427,tenkasi,97.9562972449614,58.76111136973064,231.37341324565105,53.4171302911319,11,0
2428,madurai,110.91911892558214,71.54953097002834,241.89642645485236,70.43330823407128,4,0
2429,trichy,162.79593796629834,48.37555763904023,233.45620344651445,61.416354195446914,15,1
2430,trichy,54.64349741310359,80.52141355222346,229.37911301785712,71.59991710487164,21,0
2431,coimbatore,134.78143129901565,89.5037544376238,240.42190576983018,72.43006019637869,16,1
2432,tenkasi,129.19304683045215,59.41283959547487,232.33285041087873,50.88491284354711,15,1
2433,trichy,76.62721781869898,78.74565630276479,231.2147857932906,62.02596435033621,17,0
2434,coimbatore,106.09707863758094,44.1525439406211,233.14022602486114,71.54748565521668,23,0
2435,trichy,86.27100251987154,76.12832311772874,229.06390976633634,93.6859886231345,11,0
2436,tenkasi,105.57065741256217,75.70914612839194,230.09226992995468,75.13438345591481,18,0
2437,salem,145.2739304021365,72.95155920284819,224.13305411238127,56.76129640165145,16,1
2438,tenkasi,118.16818697893939,59.76655366694559,222.48832780376122,77.98009518487704,15,0
2439,madurai,115.25825119700326,15.686265881369529,220.0142961351756,104.15097778643522,11,0
2440,trichy,87.09072040136073,50.37409284521806,216.08016713202923,88.33412945178037,13,0
2441,trichy,55.478300052269944,50.61125973473097,221.20282638615444,80.9505306087124,18,0
2442,madurai,93.74595368378776,45.32617592909284,228.25732965533075,84.51180350964643,8,0
2443,madurai,136.19824464591744,61.833645068205996,231.03117582445637,98.79908082857261,9,0
2444,salem,54.184964302310576,53.71554831718148,227.2870343685236,91.5125358803532,22,0
2445,trichy,68.34731895469915,47.63081985352467,206.44296509872643,81.33520762235315,11,0
2446,trichy,103.78803208702205,44.11799777628271,245.74586357762342,91.37284439180169,17,0
2447,salem,70.46035645458213,49.26730521772157,240.86480122890381,48.36697807471879,1,0
2448,coimbatore,76.22429658654363,76.82248817774892,234.45759851217127,39.95469495319438,11,0
2449,salem,87.29204254815468,50.08462418058759,249.07490672553268,73.1419730128766,7,0
2450,tenkasi,59.03147787429552,52.275919403500914,220.2263588251629,71.37361419301077,8,0
2451,trichy,70.77634461350895,53.149535774651305,248.87625120626004,59.12179892973485,19,0
2452,madurai,121.10283750361927,65.0849027071413,220.34785923249453,86.51705339655419,4,0
2453,tenkasi,60.77890653307108,66.843742327928,232.38737925291358,32.74272827097528,4,0
2454,trichy,52.06383596515487,14.330151911352573,217.26162674865796,59.30455487884392,19,0
2455,salem,81.09925061398317,75.32452820741412,230.14694095544365,60.3008891024477,24,0
2456,tenkasi,121.95866507529537,81.54552051365631,233.86166497998389,37.27396429801081,9,1
2457,trichy,94.09234576009331,44.24720193957496,228.45309668865445,99.89462014538609,17,0
2458,coimbatore,86.06256765653146,45.41552632897748,237.1387744409014,42.815974626733535,18,0
2459,coimbatore,101.3307639254682,53.24619918332593,230.99014449487257,58.23319885384628,1,0
2460,madurai,47.62877701421044,48.65993970815093,224.7758527162249,88.15959515610268,14,0
2461,trichy,114.84116961325097,63.3589031091991,224.3318668219766,82.92090686857463,4,0
2462,coimbatore,111.50305094210933,30.802120704617035,238.10913772615697,47.83650607030507,10,0
2463,salem,87.72074577712836,43.231085879448905,223.46257970193034,83.64978418521272,23,0
2464,trichy,130.1777353538925,83.08795800262361,239.15402970484936,75.79568957316444,14,1
2465,salem,66.17511703140883,46.07670048977973,242.2271179283193,116.66071124222935,7,0
2466,salem,133.83726979760706,78.65142417154388,213.3128613765387,78.0788083213661,12,1
2467,coimbatore,104.63480996785754,65.33007293385205,241.32926387301035,67.17516357862937,22,0
2468,trichy,89.90342230365479,32.86098428117613,250.604226984447,52.869960857611545,16,0
2469,tenkasi,99.40379093895065,69.5299379282431,232.52003761201928,55.11513266088858,5,0
2470,coimbatore,96.78205702567175,58.2349904671072,235.99084185294822,53.484618090636836,11,0
2471,coimbatore,136.60848689253152,53.16799415625389,240.3700532436916,97.42197627823845,4,0
2472,trichy,67.6996261758696,63.674356397580055,227.24517684820978,70.35939830032942,13,0
2473,trichy,77.12442282560205,67.11950228350189,231.8228022353787,81.3049424794946,8,0
2474,salem,131.0890867621744,70.6138773296193,216.8580047037689,100.28495199961775,7,0
2475,trichy,82.13395194448422,77.67379271322004,231.3863502853045,22.8307171558507,11,1
2476,salem,127.01599231994774,66.12203869167534,234.9811199564454,95.5774752940075,11,1
2477,coimbatore,150.98307949026128,39.36548866820458,235.1616302292647,71.10793823566668,17,0
2478,madurai,87.94614919175099,52.89531813523213,240.65424723597582,78.70096743280888,22,0
2479,tenkasi,120.44086979725915,104.14572502902932,222.2519782186447,53.431935565034976,14,1
2480,coimbatore,65.38923155980424,70.86736590572592,224.67393243326504,54.897512031029635,2,0
2481,trichy,122.64199894203428,95.53930951217245,248.95507345991356,79.77691779625975,20,1
2482,tenkasi,105.98271957960301,80.93151123298779,228.4967162623629,117.6919560066294,21,0
2483,madurai,114.19114846480646,63.62703107333623,232.00033787312327,90.06626625629804,8,0
2484,madurai,80.63283783893814,64.52110604671677,229.3298995827478,95.31045842837081,22,0
2485,salem,50.167497532984825,59.451299401847315,221.7831917369498,66.1599745947716,2,0
2486,tenkasi,115.09756194248514,33.932930762302504,246.23529210891806,57.99591550828744,21,0
2487,salem,38.09790542561637,60.270708787023366,224.72298588079394,54.383900968420136,15,0
2488,coimbatore,90.47948523272396,78.16011828813296,218.7271447629307,60.23452550606624,5,0
2489,tenkasi,128.2354559925991,51.00540007768194,225.4925972269725,28.94435133658949,6,1
2490,coimbatore,105.75693207619108,66.17929498592714,209.98293998274465,55.50161314216796,17,1
2491,salem,158.45027934369438,72.77386568839796,223.48712535016818,58.79293687880313,8,0
2492,tenkasi,130.7532745774532,46.354793410312865,220.31871402147672,66.49283651210318,19,1
2493,salem,80.38304835023271,53.23045703484503,236.17428630927324,72.63500219494584,5,0
2494,tenkasi,100.81940139554317,44.731327642842615,223.26585760440128,77.24901737251221,23,0
2495,salem,98.57887892366692,47.667515899658895,238.87803935578847,69.7014925511408,19,0
2496,madurai,52.53469709961618,40.685920745204086,243.98483993069323,58.37113827314486,14,0
2497,salem,71.7880325054694,46.4932730793296,237.811753362876,30.732827134689586,10,0
2498,madurai,83.17717279060419,81.2918352119676,227.84611711139922,58.49382783196413,13,0
2499,salem,38.9133849143219,46.26784456364561,231.41114496705592,50.55098724625989,22,0
2500,tenkasi,101.42480404754929,61.89688828591035,214.7501505985594,79.32133496557208,5,0
2501,tenkasi,92.52784466040877,52.45696869493566,228.6622062747876,88.18574793387387,7,0
2502,tenkasi,49.813182960652775,77.68298905555409,221.39561531933168,88.77142134119879,10,0
2503,trichy,112.12638595831996,79.66743444905424,236.94326381149298,85.13905472255641,11,0
2504,coimbatore,121.47618234072878,72.9610497320842,255.72752389244474,67.32948529095023,3,0
2505,tenkasi,106.81103436594667,64.59201829654133,234.99821635973808,59.56088869048207,13,0
2506,madurai,90.2779547437309,56.53410694738652,210.08859851045332,55.05794492665868,2,0
2507,tenkasi,117.74326455255564,42.121879437131255,226.38769807085626,39.85002166796499,4,0
2508,trichy,120.40661081430073,89.15293321683296,231.22490925374456,89.83707401015715,3,0
2509,madurai,109.22210709159066,48.6049047337117,230.87357425260262,66.50577924140052,15,0
2510,trichy,75.26163248695717,69.95469520549263,222.69186874391247,45.073194127582525,4,0
2511,madurai,108.29802296533542,75.89348358935096,232.45291742636934,53.4701724857953,23,1
2512,salem,135.86441952476437,51.67079254642006,217.57499163080612,52.66053087134895,21,1
2513,coimbatore,82.1011282416481,75.57018790973943,220.55091277314932,70.86048970030254,4,0
2514,coimbatore,162.93818017397294,71.46319805008284,236.45797641603713,91.34935702141371,15,1
2515,trichy,84.23107198043847,85.91945753072648,219.84336769120173,63.04020900808834,6,0
2516,coimbatore,100.97221040020409,52.95980300359933,235.38211605492256,24.949329704327013,23,1
2517,trichy,79.82543211980992,40.71203974080427,216.30536225343943,66.2163932968216,5,0
2518,trichy,106.69812507760783,52.417653668332335,247.64825883791735,66.87612199805609,12,0
2519,trichy,47.73334922094175,63.13280313801498,222.25730077595946,65.50159538128956,7,0
2520,coimbatore,83.61874603549836,60.873190906275845,227.76333428196557,57.450776670485965,3,0
2521,trichy,67.23636398954298,54.098431555881746,233.30613261090406,74.34878161451685,7,0
2522,coimbatore,104.06015043676872,31.362038115341356,224.34650047498906,71.32282230298003,12,0
2523,trichy,129.83342126526722,67.0572449419366,231.43405961071304,69.50339371746706,15,0
2524,tenkasi,119.38018561343654,89.58516718623301,235.75356724520125,78.25282722885932,19,1
2525,trichy,28.85021917423323,66.96376857184505,239.60613232503485,61.40334353704293,6,0
2526,madurai,161.2620895878364,69.1370327858027,237.91497435972957,60.26828660598694,8,1
2527,trichy,108.85839821862605,68.58667959232653,228.28189536197326,97.602465791708,6,0
2528,salem,76.70502578520998,65.955700048236,228.533682259564,81.18710819430872,3,0
2529,trichy,104.71383756972823,73.97498950302142,253.49108558025034,86.53892121885599,5,0
2530,madurai,105.28569467508078,65.93060521778499,239.4988906824929,94.52209170668137,9,0
2531,madurai,79.99453849145308,55.30984245520086,220.78176343679786,80.518883612496,24,0
2532,coimbatore,105.93750002026226,48.06016634986869,230.9998816376555,88.56777358272342,16,0
2533,tenkasi,81.77583137139078,56.26539517078987,226.64856861221807,38.41309675859479,22,0
2534,trichy,87.86914021929931,64.71194244675999,228.6466576607689,74.08307743992054,16,0
2535,coimbatore,79.41162592734747,55.2587555831554,217.7050484229191,66.34563076371344,9,0
2536,tenkasi,57.019861307810416,64.71508024697145,225.88076765614048,103.55368181799619,18,0
2537,trichy,104.37509410646152,66.58725200550626,248.11555773193913,88.552910636066,13,0
2538,salem,117.55898309549013,72.49769146905273,235.79076300875502,57.3910961841364,11,0
2539,trichy,115.44650788229117,79.2419245325847,205.08838591848541,77.45588317058412,10,1
2540,madurai,124.59775757905703,61.17011127718286,242.16723492497948,73.3536266689848,10,0
2541,madurai,109.73020630044604,40.38335152278509,240.8962952290916,79.08662866304458,6,0
2542,salem,84.0182350534929,54.82343854771215,226.40714695693583,49.62315061250696,16,0
2543,coimbatore,125.18991593293566,60.66093851109899,237.17263543783216,77.20032930476451,12,1
2544,tenkasi,59.27447380474195,32.46346865734365,221.40600789182798,65.43697301423532,4,0
2545,trichy,72.9798585246256,80.82996780153724,225.29744283733643,75.64899528111201,5,0
2546,madurai,71.07399785730266,62.135668687656995,244.98546360669854,55.51229669755661,2,0
2547,coimbatore,132.4016817741793,65.72029251870427,227.2826996013029,58.29873657206801,19,1
2548,salem,128.28365542420227,80.48289693789398,211.3026833804501,93.47684040733405,1,0
2549,madurai,114.61915711134985,50.547857547864794,229.36696777218663,48.96904883319678,4,0
2550,salem,132.1578959563539,68.61062896326045,229.21411607085642,50.44491197915903,12,1
2551,trichy,73.62151652764035,58.352038153470964,241.9836856937346,68.96837485568844,2,0
2552,tenkasi,110.45785359582942,57.238696994761206,230.1433642217576,54.56219249628091,12,0
2553,madurai,96.24476714850508,48.41711418293431,225.78417688559708,52.299427354744026,16,0
2554,madurai,125.40646311654741,84.98404820529791,240.45056145231206,72.1015194241659,2,1
2555,trichy,96.54327302343407,54.367499398866435,231.2079023250111,39.898682861925906,17,0
2556,coimbatore,88.45171334769756,70.49196370343553,222.49977318434284,49.84075530172724,2,0
2557,tenkasi,116.2272555568297,31.874889187920953,241.54997560541617,111.08191165847288,4,0
2558,madurai,126.285075015737,77.6998279453468,231.93661764516798,79.18950117938019,6,1
2559,tenkasi,79.94964415459594,75.78316733935588,230.0292596667944,55.06873295460178,23,1
2560,madurai,98.16772985942872,61.46151165445954,231.77908391411654,78.36430156532394,7,0
2561,tenkasi,68.24678099075041,56.595863007931136,219.29331628583404,81.34660953973258,23,0
2562,salem,25.058169475211812,66.00000008420349,224.72346223821663,89.88828840180477,15,0
2563,madurai,106.01378894241186,94.33185991320434,230.03582601832784,67.4568794108654,20,1
2564,tenkasi,118.26716068763896,33.55144951644772,228.0533630497532,89.52995405545778,12,0
2565,coimbatore,107.86200427260177,71.73041081361191,242.72428382816597,29.231069502356547,5,0
2566,salem,41.513148467368985,46.32574046769146,232.17405852727003,48.87383739048494,14,0
2567,salem,89.47451709770576,59.701224055504035,238.54903922636402,73.27742803472911,16,0
2568,coimbatore,33.44956719846756,56.28179821382005,230.0939535457585,76.59267065615583,11,0
2569,tenkasi,141.09103322962554,53.57522613303367,240.56288483746124,51.764354246627164,12,0
2570,trichy,67.41836253645742,59.84302306420906,233.97527756573155,75.18839982526319,19,0
2571,coimbatore,137.6621082837969,42.98743282083314,230.1342048538846,57.52319502625479,17,0
2572,tenkasi,128.37608931052438,75.43770654191951,229.8671691104098,64.46081811545669,24,1
2573,coimbatore,72.98228942391815,33.087847332021,220.45561373709037,90.49547601330022,7,0
2574,coimbatore,66.01645146196765,68.09646769242514,235.0691572013631,88.178749937772,9,0
2575,madurai,110.51110649159014,55.10196221198143,229.5979526546362,50.05879345273475,14,0
2576,tenkasi,74.67027888450787,42.43612659288819,224.98008039818797,48.85497075959793,20,0
2577,trichy,103.07453926474622,63.035750558980425,241.06461770812072,61.77653208893368,12,0
2578,madurai,85.51517227579245,36.645733699402825,217.497839741052,69.4650739765415,15,0
2579,coimbatore,46.565247566031,60.59570732579452,225.77504104567566,56.84203022850518,12,0
2580,coimbatore,33.08595942626623,38.656846382826686,240.27718748779535,90.81284885599337,21,0
2581,coimbatore,106.80052745483792,66.91908126476747,233.15522940920252,76.9477968341711,21,1
2582,tenkasi,83.15326761008123,46.13463999554437,229.52141072347243,78.12170219748859,23,0
2583,tenkasi,83.40730549257603,53.235089744560355,232.51003543150148,44.66922342110057,13,0
2584,madurai,120.87591517281356,64.40924081914743,231.79414171048842,93.3458143476756,9,0
2585,trichy,135.20326829897334,48.41186832236646,214.8333745371408,13.596623555186184,24,1
2586,madurai,91.82365835914572,59.130540004975465,226.50738114652037,86.68110903698738,7,0
2587,salem,89.78203879270416,37.292542481327196,246.1652165451375,88.68623475341542,1,0
2588,coimbatore,115.00429099341652,69.46313405394233,223.40675865222832,61.35197625444077,10,1
2589,coimbatore,59.29193290901274,86.47370708326157,226.81698985895665,95.45820434494848,6,0
2590,coimbatore,106.69459164243091,101.88313301864942,224.5837923669081,68.73804894091307,15,1
2591,madurai,116.55657915466462,61.367522199996586,229.1298477668186,71.24863406654886,15,0
2592,madurai,120.40690625252887,71.8230621119578,224.16877168675703,76.79057574808432,9,0
2593,coimbatore,41.89741892492605,33.29061490638766,234.8674150215806,133.7314982362211,13,0
2594,madurai,77.15934190573178,82.54101489458382,231.97313412290268,96.8886781616601,23,0
2595,tenkasi,73.652102415296,71.64342757086159,237.73547615107017,84.02262401425835,1,0
2596,tenkasi,102.99660863227639,52.7409983257315,219.4905883381104,51.743910267976105,9,0
2597,madurai,114.42233739303951,78.55771200433514,226.59659517117097,72.87179650958984,3,0
2598,coimbatore,144.90131222337945,56.182858850319874,227.74277368387865,53.73751812307227,9,1
2599,madurai,85.15103558895781,53.12962225478165,234.55646910088595,86.44221694565626,20,0
2600,madurai,85.07282505072358,67.13002388141237,222.06778802792965,72.80933951469713,15,0
2601,madurai,134.49016056636242,44.049682502545224,239.15653804258343,47.50956640772209,24,0
2602,salem,108.89730815590916,75.32437146599922,241.8641559051761,71.62249166837006,7,1
2603,tenkasi,138.02954533563923,44.16015282109735,220.11127652364416,53.01165060567389,4,0
2604,trichy,108.66184009029509,44.249178152652206,225.09127105106435,73.02432442675094,20,0
2605,trichy,65.28650143860187,46.354653173874986,224.68068491707908,52.81845367269487,17,0
2606,salem,60.0061493566658,71.39250056274183,256.323862046775,70.54975266721625,22,0
2607,madurai,53.45463252823213,50.748369577204386,225.70099894792114,85.0093972387019,4,0
2608,salem,119.86155504275419,39.78006323449247,246.77625442156133,68.93896016149787,19,0
2609,salem,135.65790469261026,50.91480000096303,217.3336800489339,62.182234656552225,5,0
2610,coimbatore,155.48086424159143,59.519364439792696,220.10349033835638,74.06552442114925,16,1
2611,tenkasi,125.2931599696972,42.285412745034215,223.133954681518,83.94365241585706,3,0
2612,trichy,134.88515732604958,42.72478336448485,221.54310688553477,47.85633460236479,11,1
2613,madurai,82.59951002038946,91.66944501149376,227.32101265841501,75.21312309410405,22,1
2614,trichy,65.3075254976843,47.091518942791694,222.91221797278502,96.350816380348,15,0
2615,trichy,125.5023799725266,55.1543644684049,221.80658407265426,81.4731392655343,19,1
2616,tenkasi,112.53042256718201,54.49144498801071,241.58471996473327,71.15508293334456,21,0
2617,trichy,103.22333123022678,53.67964788344337,242.23793622513165,82.7947501339779,24,0
2618,trichy,111.6211444189897,69.32020109953653,239.49296498375315,79.04992912205364,14,0
2619,salem,109.69556447374617,74.22214425708074,235.2399895558433,85.07202218319628,16,0
2620,tenkasi,138.51450579560685,55.41068352702612,230.92743065779553,29.52136778034111,24,1
2621,coimbatore,138.84956754450866,41.45282570111476,225.0296930933409,38.930877326734695,6,0
2622,madurai,116.32661057021042,79.11660341773356,220.46842495244908,90.09658298966474,5,0
2623,trichy,125.37408617688784,58.56988363204976,233.62995703432688,39.894416476771184,21,1
2624,madurai,115.42187657274327,85.95482722285753,218.26369607453202,78.0307727143841,17,1
2625,coimbatore,86.16490803896143,26.31621153652256,220.06079070824606,62.95900687935416,16,0
2626,madurai,122.6969402473942,62.931048319249804,241.5291325620481,50.07621508808006,2,0
2627,coimbatore,58.16514793422215,88.77909500814312,249.00649041722087,76.99299514294947,11,0
2628,salem,131.6167465688765,54.70103796842763,233.9329513816648,74.0206700743314,4,0
2629,trichy,64.16431180701895,56.61759864998046,241.06457152294644,112.20685304192756,6,0
2630,coimbatore,108.57409860384199,64.43267537385508,227.54151682556017,57.50377590928221,7,0
2631,madurai,74.64538124721523,51.61806271672564,216.62325813912315,98.80220240138348,17,0
2632,trichy,116.6016694922328,55.31892101920901,236.12171618618584,77.04845828768629,8,0
2633,salem,98.98224322216274,54.932773587128956,235.69289323270064,56.77956236914575,1,0
2634,trichy,52.15732125510003,50.5886889836044,230.71668553880244,85.9849291503449,15,0
2635,coimbatore,112.62098893055436,78.43284825300839,227.57624541894887,81.31477008907902,20,1
2636,salem,82.66237669501868,66.91617048444652,239.622105785811,70.71686589716099,12,0
2637,madurai,126.43440162440108,63.75942348154953,220.14266966572526,75.32590712881247,15,1
2638,salem,100.03977066203221,72.12856510335175,222.26219421109343,58.060259379089366,23,0
2639,salem,111.86262956164114,56.034662501948,219.91893493239573,53.48425749490986,22,0
2640,tenkasi,71.27293134954364,48.38694272470649,230.84972962635828,85.18884347645167,15,0
2641,salem,82.32003305717915,50.960635430781636,219.1210698789074,65.52121151373451,9,0
2642,salem,86.24084091696747,60.02674561656913,223.15757819484756,68.39834003501815,16,0
2643,trichy,125.70107440727668,44.11182437440647,222.942444377728,75.59643191888554,2,0
2644,madurai,150.32131263416468,52.49608475119987,227.3939166766604,75.30576689567616,15,0
2645,trichy,75.8448474477137,52.25825037192848,215.12625553596024,41.413470580518705,15,0
2646,trichy,132.3054443397304,91.86834344743521,230.87204992037266,95.72504172909717,7,1
2647,coimbatore,34.909677468228935,18.392775900991246,242.4730365066468,72.42364303801357,21,0
2648,trichy,64.17431796723132,57.3057041789155,231.3549137231676,65.94693474355701,13,0
2649,tenkasi,71.23664631439675,85.88540689222157,245.41321144801321,78.61692010339493,23,0
2650,tenkasi,59.42473931677833,61.82766696198681,243.33998185876925,74.73084387229726,17,0
2651,coimbatore,52.4923483063726,71.3012621013164,237.77735047247853,85.34125378979404,11,0
2652,madurai,112.38996736413392,61.497394726496516,230.74685842636885,80.75967344301883,10,0
2653,madurai,93.57796906816415,49.989999281752795,230.2250038824544,84.35692457992533,1,0
2654,trichy,111.3821619281533,26.3712609823663,237.6379977236326,97.01987811455032,14,0
2655,trichy,120.71418058364539,63.081835305544544,226.08329390495967,87.67249097941944,5,0
2656,trichy,107.968509795176,48.36590093096413,211.17479248532536,66.79027559342875,8,0
2657,madurai,119.73289528451122,47.994968907520445,234.9200405410296,47.541976878463345,1,0
2658,salem,97.91403141273192,52.51519116031332,218.6893137006503,103.3559586600903,7,0
2659,tenkasi,64.39019835082766,86.17292109935241,220.37858771809616,65.24553253305774,2,0
2660,salem,131.73442542462388,96.0725631338096,230.0022394799579,60.537851732789555,7,1
2661,salem,82.3266360165662,63.25811906292601,229.0487512244653,35.26546364471122,7,0
2662,madurai,71.93211103712723,53.02849164132408,215.8792439368437,76.76946210624223,9,0
2663,salem,94.66246372586805,42.34160373823184,231.6549156413314,72.97773207907541,22,0
2664,coimbatore,72.6156724211046,67.02810242319103,239.6613966086105,39.69770127501039,4,0
2665,trichy,87.47708854031703,86.74358400097717,218.71658429734217,79.06548084266352,23,0
2666,coimbatore,110.321617646904,56.28989419462265,242.7248333084876,60.03616158597122,7,0
2667,tenkasi,110.4502521773838,24.315059388701634,214.39829174870056,123.80630014577387,20,0
2668,trichy,73.06509800723111,70.05074507723286,251.17324144370954,58.61277615818263,18,0
2669,salem,85.36883881153766,74.78099567175074,225.88739569516517,61.29613335604414,13,0
2670,tenkasi,132.22999014310733,36.21231539421229,231.4561699682689,52.50447551491264,11,0
2671,trichy,114.89200353201824,62.64726275494429,211.0796642751433,95.55753042083944,9,0
2672,salem,162.25195118045625,66.76839024204148,229.37863933530693,62.544484110704936,14,1
2673,coimbatore,135.4038452122458,58.903390469865926,232.28482177718192,55.501716924690065,8,1
2674,trichy,134.32879205679816,48.13843621371969,229.13837895900505,84.13910019841084,21,0
2675,salem,58.363943486325944,75.23905835345334,224.36918922947626,42.39294129173629,14,0
2676,coimbatore,122.91581054900269,53.94930381046976,220.53435481472184,82.50221092497895,21,0
2677,tenkasi,98.40679594909268,37.722207559501015,241.30526619537312,105.62799433201715,17,0
2678,tenkasi,83.47054589385252,29.257882714954786,230.3080713499795,81.33215665670178,14,0
2679,tenkasi,105.04046021597586,78.91274279998964,245.40752376516772,82.7579663251985,24,0
2680,tenkasi,128.3563460383445,69.24995964706677,224.73517645205078,87.40120433814968,5,0
2681,madurai,115.02494773012634,61.319603206937536,225.65205306627783,104.19416057351037,10,0
2682,trichy,73.6457859597382,53.39588044723795,238.15594244596164,94.19787920038209,6,0
2683,trichy,122.2737674077786,52.06502378695309,213.77025037996435,78.79339444546048,10,0
2684,madurai,80.87237373772109,43.863950273375835,217.86536639847077,88.07782801272003,11,0
2685,salem,106.50049356892859,53.52816533160173,240.97484971353163,52.281301490697786,24,0
2686,salem,90.89949797568597,28.198691773197385,218.28066070776805,85.52587181494644,6,0
2687,tenkasi,93.43401244793122,48.95904519797229,211.80948984697451,49.88888057632505,10,0
2688,coimbatore,122.98728925121529,55.335937254733594,248.6852718807309,62.65955162736746,14,0
2689,salem,68.79418840552306,69.14820070785629,216.06182352125793,8.348756497135248,20,1
2690,coimbatore,158.35585222830798,59.401103049399545,231.8411939832817,78.02859318734924,3,1
2691,trichy,45.36741792116511,71.92384670813338,230.6908519272427,57.12255977783295,7,0
2692,coimbatore,82.06996950235428,80.23702657670144,201.89371683381916,92.22290430408925,2,0
2693,trichy,111.10635669825223,75.87255140736153,227.32682976832191,77.80385221210805,7,0
2694,madurai,117.5294249930593,67.05764771067835,234.48413249479108,92.4819178940325,17,0
2695,madurai,96.98572838284885,60.17794018771176,233.5430938151886,48.32806910654924,13,0
2696,tenkasi,98.27827890995373,45.28817987379661,239.035206838035,90.76772074319265,21,0
2697,salem,112.31650255982849,71.09916077068975,226.12508685094565,112.11712688726654,9,0
2698,tenkasi,93.06791567626959,85.19621073332294,237.1250444209216,85.28316599863788,13,1
2699,trichy,141.79543773804718,65.13159059475628,223.10670931919927,85.80698017384577,15,1
2700,tenkasi,125.18047342694807,88.75888722639185,215.89532583587226,73.39195352789869,13,0
2701,coimbatore,126.18473053016903,37.11642437908374,217.0227162431877,59.506624388692714,17,0
2702,trichy,71.01529829888749,42.68754922830688,215.37889544804585,85.22384745403018,8,0
2703,madurai,97.61834726782891,72.82802261622393,240.09585967891195,39.87834179195863,9,0
2704,salem,90.98602153837889,63.96435315229876,214.85426490941444,61.64489750158367,9,0
2705,trichy,69.83195872931603,79.70673264857712,232.74038840649303,34.57886395325636,8,1
2706,trichy,110.80492551837301,59.767925389098906,227.34075805927566,55.926872453698344,16,0
2707,coimbatore,83.87062726660551,46.98036866207502,228.9735142654937,82.84090183787123,20,0
2708,salem,119.66211489550712,56.79610136692436,243.636072951997,80.10786752440927,7,0
2709,madurai,67.89425311317005,37.009740436143986,225.61572632784726,71.01827391070945,17,0
2710,trichy,151.57121838525464,43.07113990354448,236.11601561549682,73.40801988124021,7,0
2711,trichy,73.11002024223815,74.58665996877015,230.37563351381112,32.28270764271581,6,0
2712,coimbatore,106.57907011601309,73.09181121704415,228.47981094367302,62.5487543885817,5,0
2713,tenkasi,123.75577931164203,65.44506427209116,252.99969124386473,56.3729678712958,17,1
2714,madurai,82.88078709399662,34.183837185592964,215.58658254284632,56.818806189709186,8,0
2715,salem,125.57405930298852,54.62394636730667,242.89131835437445,81.99157255627506,1,0
2716,trichy,63.12449206598751,41.62500167009924,236.5640656548997,52.78985346989379,16,0
2717,trichy,143.5635309754768,77.64799880681647,225.20475005368215,57.906382997451786,17,1
2718,madurai,100.42447794897275,51.24416799656098,246.29318517441612,28.258615085809673,3,0
2719,tenkasi,82.10765776093362,43.71378433827676,211.51889887611463,64.11753639247661,13,0
2720,trichy,91.02454682717696,60.44694247682137,224.7823334270093,48.24324904572761,8,0
2721,madurai,124.26757808178158,50.39768314748082,217.91517795730923,71.58405857379287,16,1
2722,coimbatore,82.46634124448686,82.2561586530556,234.1208346487146,50.977839065150704,24,0
2723,tenkasi,77.51926931731667,48.97783653698714,218.86935898812823,72.09084491098433,7,0
2724,salem,93.35390207248786,39.01157611163053,234.3306394674132,67.10628478515314,21,0
2725,trichy,64.69113661690096,27.706297263637268,228.13563584178445,103.44083546084642,15,0
2726,madurai,154.61631723825445,59.538202463798775,225.20646057343916,79.94435960906387,24,1
2727,coimbatore,83.0081622635583,51.5710482921311,233.8864724603331,33.20724254875394,2,0
2728,salem,124.94850358541211,38.5664309023241,227.31378376061937,44.702223117945834,24,1
2729,madurai,106.28410250943318,77.83839691883678,219.11365156940963,71.10416017984666,2,0
2730,madurai,70.46397848554096,70.00867721143862,258.0137298963498,51.40304103214699,10,0
2731,salem,99.82135872361812,59.57673181594156,225.12832816970857,10.632631395282957,5,1
2732,coimbatore,123.52008337932244,80.464893662563,207.82390919847984,96.99092627667487,4,0
2733,coimbatore,94.3521599474108,69.9380405009792,221.57901310278612,84.40448033810816,15,0
2734,tenkasi,135.79338837553084,47.65716147722351,217.3272331162727,80.41953746983543,13,0
2735,trichy,130.64546178345591,44.411697540138505,238.26145616040515,57.8535390905817,17,1
2736,salem,127.56744563974988,72.26972316680792,233.21652659591587,78.55353542019859,21,1
2737,salem,86.2102968318101,65.94550434701027,233.98712801790344,55.912793515582365,23,1
2738,salem,67.6047265665554,62.54621651955993,226.29977534162757,74.09714600435382,1,0
2739,coimbatore,81.59237183911617,47.30253295696639,227.20649752943078,51.588335483270455,18,0
2740,trichy,105.88722822000162,69.11921350508631,226.29068896392332,100.32576901112029,15,0
2741,tenkasi,116.37360140597067,48.667516752990764,229.1880681586453,38.59526691836311,14,0
2742,madurai,34.85285785718658,58.47020018109483,238.35333435364836,94.64567659021662,9,0
2743,madurai,99.75660395164749,81.7041621958047,233.36075412505346,70.77831656034661,12,1
2744,salem,104.74267675969553,50.087486462847814,235.00112829620866,60.210660093160186,5,0
2745,trichy,91.67367231053345,36.40516114390709,234.99558908249202,73.34005843391476,23,0
2746,coimbatore,138.73821517047637,44.21179212194834,238.8444243738174,84.66696014356361,2,0
2747,trichy,112.65340222752613,74.91448240031434,232.88150041540254,97.33493473388793,23,1
2748,trichy,139.30575724242692,63.82096706070314,233.5884807267892,76.26286046267064,23,1
2749,coimbatore,93.52118438949303,58.066839319668695,241.88806241193157,52.18607829475445,7,0
2750,salem,128.12432477520775,52.36359292032646,223.34954081996887,71.11260247531577,21,1
2751,trichy,149.0519918358256,67.28039861329785,221.44257420048493,106.33586473324746,9,1
2752,madurai,139.35080347817984,47.26342723514665,218.14078400813145,96.95356171025247,18,0
2753,coimbatore,67.235752197138,64.58498352963893,231.82914563620255,88.17526956248717,4,0
2754,tenkasi,92.38971767372857,49.031181467805645,211.46267758780877,85.91374040244773,2,0
2755,salem,89.64505883650611,46.53510922087419,234.62154096059677,83.98900181213084,24,0
2756,coimbatore,114.67763605228983,50.437688477624825,228.90806905499448,93.17509669019739,1,0
2757,tenkasi,120.590606650436,54.36888830274057,241.34639699821057,60.867424285561896,12,0
2758,tenkasi,74.8332197792279,59.26755246099445,223.2808268953501,42.89827868449988,13,0
2759,trichy,102.03515541750814,63.53183692666671,227.96681714582493,71.38007001474122,14,0
2760,trichy,39.40218003531591,4.67452062857334,241.22203333293368,53.64836826444618,5,0
2761,trichy,143.2583501740567,47.88524163379853,243.83135646778152,48.89958489245631,3,1
2762,coimbatore,84.62877277969919,54.126450339659414,223.1984763424818,55.59442846824136,4,0
2763,coimbatore,101.67591819533492,82.57593057912496,231.8178123258716,119.70627849067372,17,0
2764,salem,90.71050858035817,43.79996087426802,232.9441897768405,72.72249268151688,19,0
2765,trichy,134.38082725040243,62.441949271498686,233.7365340562115,77.23815672721976,11,0
2766,tenkasi,14.874806758078634,82.42545464603756,227.3742434068438,45.55274385991492,8,0
2767,madurai,99.50168973022274,40.30547205079091,242.81383398123634,33.1249408241474,12,0
2768,salem,96.82543727506906,65.90962838796604,211.10296516378455,53.618947137623884,18,1
2769,coimbatore,86.39090837224951,47.965922490982194,225.78869765198917,98.76391170417497,18,0
2770,salem,151.78679636906898,52.43049386566148,234.47930732772946,76.68550932153042,9,1
2771,salem,73.38011623432686,47.95333749070028,234.57224811949342,81.97190182888784,5,0
2772,salem,123.15388531706984,49.022140373761715,243.52759030614763,84.77132078404122,21,0
2773,salem,110.68758366118252,100.8286822185974,241.98225393201287,58.173012404034445,17,1
2774,madurai,137.84557757606547,72.66683808107499,227.14458374692776,97.75931167946734,13,1
2775,trichy,79.98432745667483,76.52606792679313,242.99871243530606,57.343848015556354,6,0
2776,tenkasi,78.01093302628723,67.37990230254744,222.85958256222546,98.12464718525106,24,0
2777,salem,132.88209722432197,35.90614817397063,239.30887382791838,78.84604312270682,22,0
2778,salem,112.75963924990332,65.9243695548496,248.10522478420992,34.21909691507356,14,1
2779,salem,53.65187959969724,76.0939442176102,242.1494410685497,55.039810267989296,15,0
2780,trichy,83.82084956610188,47.19900788941333,231.05770383524123,34.30122934255791,23,0
2781,coimbatore,111.59147961544183,74.4799000074169,226.68221228227878,93.26564265588416,14,0
2782,coimbatore,125.13292664639768,70.56504314781118,214.71408703740713,69.50529158395197,4,1
2783,madurai,79.62308040421135,87.78060067220505,233.10539637914204,25.433151201004392,18,1
2784,coimbatore,12.572320305491772,53.73325481229572,218.8478277202908,77.51493763439316,1,0
2785,salem,115.696695572111,43.535835265864094,222.06865336386062,59.2567147522336,12,0
2786,salem,63.390379301680724,54.575578359411814,218.09254199263327,40.32388289933353,22,0
2787,salem,39.479836056327656,81.53356489745435,225.39607667343344,103.55931673937394,9,0
2788,madurai,15.030222250475774,32.573911787370555,229.72030585513016,72.14571732193157,10,0
2789,salem,124.41942580593224,28.974364268534515,232.73614581165705,64.13137195373375,21,0
2790,coimbatore,103.85852351214899,61.3409291839742,223.99493364586036,62.01150438027966,18,0
2791,trichy,93.23030857863245,53.36116060838766,240.69283706395183,39.734410616844556,17,0
2792,trichy,141.67073088888284,60.11591839763527,227.91794742010035,43.90902200831781,19,1
2793,tenkasi,119.11974049069218,74.17967656853799,222.1227756673448,95.69833569750166,4,0
2794,coimbatore,148.4890012816575,51.711459808217214,232.26292267243437,60.52234260428562,16,1
2795,salem,58.21793583499011,31.90491253604069,249.63552833543815,70.44135401873727,7,0
2796,trichy,98.96348128138109,90.66722335799916,233.35160566535117,29.113390475978505,9,1
2797,coimbatore,51.49859875155957,45.04157568841836,226.37144372626392,43.63815928408989,8,0
2798,trichy,93.11853004433598,44.114443169818536,214.72538643881296,82.19625039749505,7,0
2799,salem,92.54152438699968,76.55580020583895,227.80587679027929,77.55423520227667,10,0
2800,trichy,118.79840911789212,54.23266318437723,232.34928125088115,105.06750397448631,8,0
2801,tenkasi,101.36691643425695,59.04915221947784,226.1241910874443,96.85912663262452,24,0
2802,tenkasi,118.70221414839747,67.24185186090477,213.34615361759,65.38578055030354,17,0
2803,trichy,121.10320399416682,76.25374654664994,221.49434610496567,79.45907129426541,12,1
2804,coimbatore,164.64786032149425,54.998089602273424,244.54538460887758,63.667931141938524,14,1
2805,coimbatore,90.54110034141627,82.79928008871448,244.3400100373046,111.09619637277297,12,0
2806,coimbatore,71.76931898000862,27.963002268977917,221.13360830795403,92.980293921048,2,0
2807,trichy,107.38250845949227,71.39680855429616,236.7275678719942,73.39370181715502,12,0
2808,coimbatore,75.9315991858137,47.40708662973514,218.21427215229826,74.00789569752703,14,0
2809,salem,144.45882305309607,80.58406974911986,244.04316281994952,98.89700574519615,7,1
2810,tenkasi,91.50345883164303,62.130667182458176,232.45235847894236,81.59155694227694,13,0
2811,salem,83.0327089637803,49.90642001985898,239.49641498616535,101.17256034140172,21,0
2812,coimbatore,85.86052836546646,69.94261639532449,212.8490665281746,26.127041474822533,4,1
2813,salem,121.55252270414923,73.39782520810877,236.77637101924887,79.22456522997597,1,0
2814,coimbatore,95.26759050305544,69.62841184287957,229.92325936315495,59.6913027063723,17,1
2815,trichy,80.74999539608854,44.554556405504094,238.51929070790843,105.12755975255985,3,0
2816,salem,149.96055752870592,52.739743145668726,239.1486779809785,100.92797374379658,17,0
2817,trichy,74.3149047801475,59.93890744317847,230.6578468947475,70.65671618202613,8,0
2818,trichy,101.0669822209898,59.381105210249096,223.99170360904085,100.71261957622063,3,0
2819,madurai,119.56918454830691,71.24618213157521,237.79696182179495,105.66229039985012,10,0
2820,coimbatore,51.0599466874878,29.776481512400878,229.39845500594873,71.48813343852295,2,0
2821,tenkasi,114.40781504217775,65.01490581830255,221.27215046472358,119.43867544863716,22,0
2822,coimbatore,68.34676973558652,55.6502796834504,220.79847768542314,69.37317694660555,4,0
2823,tenkasi,124.68348342502007,47.42249075424071,215.22835583687618,65.70958099328182,14,0
2824,coimbatore,71.12046964243072,48.86269833345601,224.89708840436936,87.31745177168686,11,0
2825,trichy,120.78307095546582,56.78193503223055,241.02692046074378,62.92418537715372,14,1
2826,salem,133.17499198884138,5.9837234331072295,231.77829799705435,71.70679551589788,13,0
2827,salem,125.84309576898414,49.48065643812675,224.7023229407696,98.1886884810182,4,0
2828,madurai,107.53949944714307,46.8627776303056,238.0485593818008,70.38437704434541,2,0
2829,tenkasi,93.06097171210902,67.99174813983936,221.6752337827661,36.09964414049385,2,0
2830,tenkasi,82.70741270995468,47.91709976234219,230.9535027433278,77.34638775698393,11,0
2831,tenkasi,144.13104072451313,56.77329299744265,228.20369627274485,56.07412841895211,22,1
2832,trichy,79.0151433949707,83.13414941491953,237.7913062558835,87.30542314589093,5,0
2833,tenkasi,68.88801779290011,74.91527279723135,214.227716290805,83.92379431652492,9,0
2834,salem,119.96106805098489,73.5340709991518,221.49802254185343,99.42800696333045,20,1
2835,trichy,76.11589590440514,52.501913543837226,213.61754340905466,88.15064601585394,21,0
2836,coimbatore,71.49809507601618,68.14548418934478,227.4040327819073,91.8048856731613,17,0
2837,tenkasi,56.69187213490705,56.49153299319609,242.1142750363243,56.61806479724574,12,0
2838,tenkasi,85.51270481618447,57.058601839845934,224.94552790346472,86.07972991781006,18,0
2839,coimbatore,97.5185492831052,66.14528015619824,224.89316061804348,109.3690257872058,3,0
2840,tenkasi,107.29275182982096,51.04509617368601,238.71724424184137,56.22700182726466,5,0
2841,coimbatore,128.5391873289845,82.39504656664805,240.685495584553,105.99476583454197,21,0
2842,trichy,115.80693770997381,57.59804790603094,229.1142893273121,59.012998175973394,20,0
2843,salem,94.2738334134046,69.27540849389497,236.84714854049892,52.960575099000515,14,0
2844,coimbatore,94.0541297086084,81.83400718885947,219.23045459122054,75.92400886709676,16,0
2845,madurai,115.30472406745551,75.47480661862762,243.77974333925414,84.3182083225762,19,0
2846,coimbatore,138.17710488785707,38.86621345964213,251.4870629393705,88.2350024794453,9,0
2847,tenkasi,103.789425984496,66.67343842514826,235.21215791188726,50.764751584535965,17,0
2848,trichy,85.92607437368773,72.7607909169097,209.156683786572,78.69080194508581,22,0
2849,trichy,70.21401996743364,73.37794533241123,224.41769737602215,56.288908570329895,7,0
2850,coimbatore,56.64384206763324,43.30057748828053,236.12825321669322,40.221554878588464,10,0
2851,salem,119.98809016130569,50.14447144474014,225.78517002833638,51.42527368934431,4,0
2852,madurai,117.33935570918672,74.91837353612432,242.721985542501,54.981992680883636,10,0
2853,trichy,117.32090575319984,48.57359443976031,235.88157264435864,80.43190320705014,3,0
2854,tenkasi,96.14021660943833,55.504559150035284,222.93524499234204,93.04427326137338,24,0
2855,tenkasi,142.20804237675253,83.63813714252954,230.32264810771252,40.53586740249467,9,1
2856,salem,85.47644516245546,59.283011244228156,221.0616677936091,77.03922148416112,13,0
2857,trichy,128.65807711621616,49.09838793249236,228.17415121587558,46.466036284581875,1,0
2858,coimbatore,98.8377131503137,46.83573964705642,224.45406759567447,82.58170818028,15,0
2859,tenkasi,81.74947705961988,64.99078994377783,241.74761800233037,57.54538837992504,15,0
2860,salem,117.77590921953285,40.00277987284187,251.16012056830994,48.97341963953443,11,0
2861,trichy,112.28908356051981,56.289960541553725,215.68811666764248,85.9932903069515,10,0
2862,trichy,110.70918277800779,64.99845802485032,210.7678371379025,58.261547891098104,7,0
2863,trichy,102.43835266168597,79.48724730821502,227.54827578148615,63.680720972946034,1,0
2864,trichy,98.86320754849507,70.01322120554994,214.81584301171318,25.600218248872473,7,0
2865,trichy,171.65115978611317,49.28902323026732,230.46211603670918,88.93102722846947,5,1
2866,tenkasi,135.5276993558852,77.6762897634558,237.48936113805928,86.41817042338215,23,1
2867,salem,121.68480684956536,55.50727443678784,244.94141897266826,70.10915688562628,16,0
2868,trichy,103.35397474610164,41.46445466925887,232.01394558715282,39.44838117288482,8,0
2869,madurai,130.21471601790006,57.41937961101791,228.0684477515042,94.18738356669526,22,0
2870,madurai,115.53984329174355,81.57253801718554,210.21615083426917,56.674732272784176,2,1
2871,salem,100.78614258322106,62.478600750973875,230.26185149185798,60.93293099798824,8,0
2872,coimbatore,90.89307024202255,60.1878279649468,230.71287260549462,116.24088112719062,14,0
2873,coimbatore,97.57247987011935,84.5581746705428,236.38956814212744,55.92727111781541,4,0
2874,coimbatore,4.88722792365833,38.52967729418359,222.9151189847091,84.84419924853,24,0
2875,madurai,106.31802517892925,40.71601328920842,225.6494739976414,81.24184524165236,15,0
2876,coimbatore,85.34571759668921,35.762302935497516,215.21997744695815,77.8034438576017,7,0
2877,tenkasi,147.7800999484865,65.58972279720082,207.08707193115936,75.64001085109022,20,1
2878,trichy,100.58032212435263,62.49739690672687,218.91502909203217,77.52777123778398,8,0
2879,madurai,64.33109741395114,83.14104550919664,214.29674185746984,75.4388118188108,11,0
2880,salem,98.50359537615647,63.652126157051555,233.3671229542061,68.96163282447878,2,0
2881,salem,68.61636744812488,53.93764260781046,224.81865943333142,100.22566248221484,9,0
2882,trichy,114.202222471374,60.026923093171604,224.61762869925212,43.746788784014434,6,0
2883,madurai,108.72842093018456,61.76561127691437,220.15586953824788,90.42916208030753,23,0
2884,coimbatore,128.73518893324803,34.923580900077496,197.67434567487567,86.44684597375104,1,0
2885,coimbatore,76.27354624916303,100.65497466502339,245.0831074874755,83.96798242658802,3,0
2886,tenkasi,101.0202428868444,67.79806527152867,219.99729477223212,92.33958855280257,10,0
2887,tenkasi,59.04934613720094,63.150124620338836,225.87579930150093,68.14801209463214,5,0
2888,coimbatore,121.04484345774144,69.2274597641787,215.4510783471069,32.62051848346247,12,1
2889,salem,115.56613541320365,70.64116470879907,239.71930343440633,68.55414680571029,23,1
2890,salem,114.87415063082713,57.89169771746352,231.43428937037325,50.17611564750891,1,0
2891,tenkasi,100.04857094070823,50.53138295638949,221.73634714734132,55.362815802838725,9,0
2892,trichy,112.44318672366373,68.99176029482555,226.07770388655976,45.15160652335176,21,1
2893,coimbatore,148.1301732492579,65.78566260797179,246.7817992212487,60.45310283112331,13,1
2894,tenkasi,91.44717228873958,47.85164851365888,229.2703056811872,58.06752612033102,19,0
2895,tenkasi,104.15935551130254,81.28553417050895,228.18266462384094,22.44860340145795,7,1
2896,coimbatore,67.4162110245577,64.40028054484475,220.58618513860733,84.00443822564579,16,0
2897,coimbatore,73.95217115205003,70.94729043401446,211.05418849527697,114.40643716009764,8,0
2898,salem,102.93439879279921,80.87881331519878,228.39961326420655,82.12474386992577,19,0
2899,trichy,133.11800640105722,60.32833231747252,233.25485112324617,65.94152086931544,7,0
2900,trichy,92.31157527245283,64.75428010476173,240.99584464327668,68.90507208647568,23,0
2901,coimbatore,92.92250412063628,72.15040857759175,207.51503465500343,61.58028263973648,4,0
2902,madurai,87.79344266486876,49.12708374299922,218.7490367297697,71.80083167733916,10,0
2903,tenkasi,83.95729987467031,60.81077494269002,224.1925890944355,69.25983811853533,1,0
2904,tenkasi,108.84914367126464,61.883228799767224,229.96519151426799,53.17903139203411,17,0
2905,coimbatore,55.082270644640666,45.659121724749085,228.54966308471577,103.65776777895663,21,0
2906,madurai,138.4281873000018,94.76455183010818,228.7831131431273,40.25691528580458,13,1
2907,salem,80.03733105611619,38.89059834761396,234.08096058569944,84.36663086388492,19,0
2908,coimbatore,121.65710456314424,40.52844144469263,220.9670688922089,67.97604745364936,13,0
2909,coimbatore,61.90004207818372,79.71339863555369,239.34141442233695,108.01663630131489,9,0
2910,tenkasi,120.06520391638654,70.69899376194813,234.3345244169948,76.81729198496443,5,0
2911,coimbatore,120.15833823443492,44.61052773778833,226.80167735871922,62.80188925633504,23,1
2912,coimbatore,111.52606216017689,69.10933522652539,246.00907991888914,65.04585603131005,1,0
2913,coimbatore,70.16714434600624,82.01775667495964,245.56416035571766,70.79813389039522,2,0
2914,tenkasi,107.48644568794231,59.546054136045214,239.3289535519381,47.144186100071984,11,0
2915,salem,64.50831445796834,98.98234350111873,199.81443229432207,54.66260949764177,4,0
2916,salem,92.41710234711444,34.139072836979466,245.78945092717976,34.30112061616285,9,0
2917,coimbatore,130.88239302865978,70.40735180788653,237.94758522471935,51.54046203251812,5,1
2918,tenkasi,123.90105781212226,77.49792504331505,250.06408637712937,71.878129633209,5,0
2919,salem,100.45548827621299,73.3701585240787,242.37464591733539,76.00350098569042,8,0
2920,salem,70.75580272231474,56.934664100315274,245.78342677497287,30.41340610007196,2,0
2921,salem,119.3676313652258,55.64337776983276,238.7865485018038,67.25576593911599,7,0
2922,tenkasi,100.58143713094076,66.66217756630886,243.48693198645512,81.26819901644265,17,0
2923,tenkasi,30.3905320530873,72.23631729978104,249.9412374073444,66.74175613247529,11,0
2924,coimbatore,123.47889478949554,69.03710154423545,232.16554738378207,57.32422708444399,15,1
2925,trichy,99.27301498390923,75.60086836190084,214.2776945592187,61.75677709903572,3,0
2926,salem,136.07353743949216,44.71695064399897,226.9253909998486,59.18473290045556,13,0
2927,trichy,67.14188443471586,56.58343531314548,233.89945599383438,57.265388817838854,18,0
2928,tenkasi,4.69888560411998,45.89976101814369,230.74887584371558,73.47647050489697,20,0
2929,tenkasi,108.37251575035556,54.208308358707875,217.53438033840573,116.15376455470903,20,0
2930,tenkasi,108.74691030045918,75.22831337721458,213.6893237480502,55.12600166189633,3,0
2931,trichy,49.27985117180644,61.61975881087843,222.58837331365172,63.637147346771464,2,0
2932,tenkasi,70.6450136240018,99.10288744724654,238.0773955598415,68.96604121249537,5,0
2933,coimbatore,182.65653231159706,62.90109550784575,245.80339770822968,56.25291131283413,20,1
2934,tenkasi,90.8316815753859,60.895378208696044,239.165676137777,91.96471607046853,5,0
2935,madurai,121.92876929128649,61.59274379160325,240.57427287114137,22.58229253387124,13,1
2936,trichy,80.4802051789485,50.43286960710096,229.19184426836443,59.37881659242649,8,0
2937,madurai,37.2909130344053,59.132450814336096,212.57917542294035,86.36627472639924,16,0
2938,tenkasi,94.89225259612283,76.91682040667469,225.44779419117293,64.11811383222732,18,0
2939,coimbatore,92.03186319141685,61.70956002191659,227.4123558812762,53.58322082299417,16,0
2940,salem,88.00365283994886,48.09810405174793,225.02947513164318,78.81513508877528,1,0
2941,tenkasi,96.56077493480822,46.12373069282047,230.54694865374626,88.12686470794304,8,0
2942,coimbatore,107.92804814936909,53.24697162501235,234.4141975989295,74.21270890430117,21,0
2943,trichy,95.4964914623858,61.107951516163205,238.53015188243498,53.97559280374233,2,0
2944,madurai,62.07981496157909,77.90379803214392,227.21880135633666,79.12406638303486,24,0
2945,madurai,114.58554374685816,39.89267037950345,210.96240594355407,61.959013994504204,5,0
2946,madurai,41.518847340327305,55.202605831668656,225.17122280708864,84.90373763787656,15,0
2947,trichy,38.48927628147399,62.164650291526186,230.43710396991983,99.66517769713181,14,0
2948,coimbatore,122.17541484104703,32.49441348555848,242.22807922133407,17.888464886229343,3,0
2949,trichy,115.2106081640607,47.49602575550391,224.32192157815894,72.22134946391266,7,0
2950,madurai,98.27813904777892,49.80167190395721,235.12543628399402,35.28532126104746,4,0
2951,tenkasi,58.13654485734784,48.06044439224252,232.90087899635432,118.83577170659541,11,0
2952,salem,78.76267177977775,62.87834317532471,230.4390053312339,60.63750932407619,12,0
2953,trichy,92.11759756940488,57.59160585747304,239.30533319324593,84.92746483650745,15,0
2954,trichy,52.1231809427766,51.67070846098446,223.3915880324742,69.29366280810208,6,0
2955,coimbatore,77.82914025930302,66.41943939828953,224.24813550356484,53.93830838561881,24,0
2956,coimbatore,119.5699101453004,85.84612076469375,229.88099176905772,51.558939056451464,1,1
2957,trichy,142.8191609286765,84.58884775112628,223.598534949063,101.71358346201518,18,0
2958,madurai,87.41695742024348,31.158423419064956,235.080122910546,89.11876120356621,14,0
2959,salem,122.69465062948295,68.65608275752709,222.86807695633868,108.87168174755126,24,1
2960,coimbatore,42.57819788237598,57.32965064904242,232.26304207745133,71.10906670315399,7,0
2961,madurai,119.78353723340834,62.327330142980344,228.99827231213243,75.75839242492,10,0
2962,tenkasi,75.88154755817557,54.02575449686177,232.14925964776705,64.65616868689423,9,0
2963,coimbatore,109.22036850123911,61.76382944830803,225.4025860493696,64.25835593769982,2,0
2964,madurai,92.56742745280872,62.27111094108028,226.60911705473174,49.16226135045264,8,0
2965,madurai,139.61242029351502,51.315723639766155,230.9600926799705,71.68020381848703,22,1
2966,salem,73.76693054980245,46.55448678262229,232.02074506161313,54.21506810227606,1,0
2967,salem,118.82818892685493,53.26956476070774,229.95798084608845,78.83817844328405,20,0
2968,tenkasi,91.614776101104,63.51388896685148,247.05362356513083,73.40020437960419,2,0
2969,madurai,95.25083565971009,68.98494512526396,220.09263081258715,75.75364087351444,7,0
2970,madurai,94.48438320522371,72.8002346601022,229.35796205047288,103.50259879380451,16,0
2971,salem,74.62980686517662,52.587149653996306,214.26370977883016,69.24564100468818,22,0
2972,coimbatore,99.57703102279986,64.25766850954105,233.72081478667386,85.13454005706856,4,0
2973,coimbatore,98.12055333634535,74.43753887929948,218.84753463623187,111.03018928171163,21,0
2974,trichy,107.23720745220189,77.48392342716193,227.21689744123424,96.13234138590096,17,0
2975,salem,102.53515437078588,59.11750718802717,226.27935674668674,93.0633939690969,4,0
2976,trichy,123.93983648836709,56.68602412590581,232.8089112660117,63.86623568959,3,0
2977,salem,127.70525848142105,62.86686350754588,224.4720908245482,74.59286111135593,9,1
2978,tenkasi,68.48130034516596,42.75438790653891,224.04694302306018,43.634474159401165,22,0
2979,madurai,126.06317501772313,57.09585733446738,244.358564640859,79.97828801928829,15,0
2980,tenkasi,64.40990718670437,71.16879597709695,232.84566790474526,75.48920355227683,20,0
2981,salem,117.63567664413205,69.62920694165553,224.38949147977732,70.46770250312362,3,0
2982,madurai,118.59216354108607,55.94598593454167,227.4916632818877,90.5438957648572,12,0
2983,coimbatore,42.66049325012488,63.2657730163075,246.45354952270745,45.84450355151207,15,0
2984,coimbatore,102.78937739588228,47.63024489563969,227.64835121748902,102.69725702320694,20,0
2985,trichy,85.94511659919053,70.55238222337537,223.10723376847614,88.03529375880568,8,0
2986,salem,77.23704226193875,58.8326784579529,223.15003849873608,68.58732040696052,12,0
2987,salem,140.52556992097016,55.86072822455793,224.50873519010423,67.02540824365212,21,1
2988,coimbatore,80.38962578087742,54.5741424585992,224.05502277573277,79.61222430497189,13,0
2989,tenkasi,75.80869212645851,59.05659199650213,217.20352151650758,100.41702464127559,15,0
2990,madurai,102.2708482001528,53.28183532602063,218.75799903053021,72.03215437380021,11,0
2991,tenkasi,120.5676923889525,69.87214554003845,221.7067962563863,72.88061803958452,17,0
2992,tenkasi,95.75054241969619,54.070746779757286,235.91571018453098,70.36236955251742,21,0
2993,coimbatore,134.99111637007758,83.89446144041072,226.18762712727127,105.64048225402945,24,1
2994,coimbatore,115.92926985892271,81.97815755222072,227.9283831090596,62.622337941259524,12,1
2995,coimbatore,34.65366040805709,46.62684765218243,242.70088025254898,69.40984802761858,20,0
2996,trichy,84.11599109478975,61.04556404143921,242.9500714993842,99.26871308521989,18,0
2997,tenkasi,83.14473701944902,50.240150679957075,227.17875056862266,72.94021667225726,16,0
2998,salem,114.38082860288267,55.10028655217083,223.6913648931659,92.74117720091044,3,0
2999,madurai,21.25548830877665,90.03641201467195,221.35569686326463,51.774398861940824,9,0
3000,trichy,176.47029126153166,55.38642874326301,236.92775769708237,65.89414956742972,7,1
